kcc_call_id,CreatedOn,state_name,DISTRICT,block,Sector,category,CROP,season,query_type,QueryText,kcc_answer
5071041,2025-07-29T21:33:43.613,TELANGANA,,NA,NA,NA,,,,"Dear farmer, I am calling from Kisan Call Centre, if you have any problems regarding agricultural crops please contact 18001801551 for more details","ప్రియమైన రైతు మీరు కిసాన్ కాల్ సెంటర్ కాల్ చేయడం గమనించడం జరిగింది. అందుకే మీకు కాల్ చేయడం జరిగింది,మీకు ఏదైనా సమస్య ఉంటే మల్లి తిరిగి 1800-180-1551 కి కాల్ చేయండి."
5076344,2025-07-29T21:11:38.663,TELANGANA,WARANGAL,NA,NA,NA,,NA,,ABANDONED OUTBOUND CALL FROM KISAN CALL CENTRE?,"ప్రియమైన రైతు, మీరు కిసాన్ కాల్ సెంటర్ కి కాల్ చేయటం గమనించటం జరిగింది. అందుకే మీకు తిరిగి కాల్ చేయటం జరిగింది. ఏమైనా సమస్య ఉంటే తిరిగి కిసాన్ కాల్ సెంటర్ కి కాల్ చేయండి-18001801551."
,2025-07-29T21:04:18.483,TELANGANA,KAMAREDDY,Ramareddy,,NA,NA,NA,NA,ABANDONED OUTBOUND CALL FROM KISAN CALL CENTRE?,"ప్రియమైన రైతు, మీరు కిసాన్ కాల్ సెంటర్ కి కాల్ చేయటం గమనించటం జరిగింది. అందుకే మీకు తిరిగి కాల్ చేయటం జరిగింది. ఏమైనా సమస్య ఉంటే తిరిగి కిసాన్ కాల్ సెంటర్ కి కాల్ చేయండి-18001801551."
5076375,2025-07-29T21:00:02.607,TELANGANA,KAMAREDDY,,,NA,,NA,NA,ABANDONED OUTBOUND CALL FROM KISAN CALL CENTRE?,"ప్రియమైన రైతు, మీరు కిసాన్ కాల్ సెంటర్ కి కాల్ చేయటం గమనించటం జరిగింది. అందుకే మీకు తిరిగి కాల్ చేయటం జరిగింది. ఏమైనా సమస్య ఉంటే తిరిగి కిసాన్ కాల్ సెంటర్ కి కాల్ చేయండి-18001801551."
5075268,2025-07-29T20:58:17.187,TELANGANA,KAMAREDDY,,,,NA,,,FARMER ASKED QUERY ABOUT STEM BORER MANAGEMENT IN PADDY,"RECOMMENDED TO  APPLY  Barroz Insecticide(Cartap Hydrochloride 7.5%, Emamectin Benzoate 0.25%)  3 KGS/ACRE 
 Barroz Insecticide(Cartap Hydrochloride 7.5%, Emamectin Benzoate 0.25%) గుళికలు  3 కిలోలు /1 ఎకరాకు వేసుకోవాలి"
5072714,2025-07-29T20:53:08.393,TELANGANA,,Madnur,NA,Oilseeds,,,Plant Protection,Farmer asked query on Weather,"మీ ప్రాంతములో వాతావరణం ఎండ,మబ్బులుగా ఉంటుంది.జల్లులు పడే అవకాశం ఉంది."
5071057,,TELANGANA,NIRMAL,Mudhole,,NA,,NA,,"Dear farmer, I am calling from Kisan Call Centre, if you have any problems regarding agricultural crops please contact 18001801551 for more details","ప్రియమైన రైతు మీరు కిసాన్ కాల్ సెంటర్ కాల్ చేయడం గమనించడం జరిగింది. అందుకే మీకు కాల్ చేయడం జరిగింది,మీకు ఏదైనా సమస్య ఉంటే మల్లి తిరిగి 1800-180-1551 కి కాల్ చేయండి."
5076324,2025-07-29T20:47:22.72,TELANGANA,KAMAREDDY,,NA,,NA,NA,,ABANDONED OUTBOUND CALL FROM KISAN CALL CENTRE?,"ప్రియమైన రైతు, మీరు కిసాన్ కాల్ సెంటర్ కి కాల్ చేయటం గమనించటం జరిగింది. అందుకే మీకు తిరిగి కాల్ చేయటం జరిగింది. ఏమైనా సమస్య ఉంటే తిరిగి కిసాన్ కాల్ సెంటర్ కి కాల్ చేయండి-18001801551."
5072502,2025-07-29T20:28:18.89,TELANGANA,KAMAREDDY,,NA,Pulses,NA,NA,"Water Management, Micro Irrigation",Farmer asked query on Weather,-- మీ ప్రాంతములో వాతావరణం మబ్బులుగా ఉంటుంది.జల్లులు పడే అవకాశం ఉంది.
5072485,2025-07-29T20:05:15.56,TELANGANA,KAMAREDDY,Pedda Kodapgal,NA,Fiber Crops,NA,NA,"Water Management, Micro Irrigation",Farmer asked query on Weather,మీ ప్రాంతములో వాతావరణం మబ్బులుగా ఉంటుంది.జల్లులు పడే అవకాశం ఉంది.
5074467,2025-07-29T19:49:13.117,TELANGANA,KAMAREDDY,Pedda Kodapgal,,Millets,NA,,Market Information,Farmer asked query on Mandi details,"MAIZE                                                      గరిష్ట                   కనిష్ట                  మోడల్
నిజామాబాద్ 28-07-2025                            2,259                    2,259                2,259"
5072089,2025-07-29T19:42:29.22,TELANGANA,KAMAREDDY,Pedda Kodapgal,,Cereals,NA,NA,Field Preparation,Farmer asked query on Weather,"మీ ప్రాంతములో వాతావరణం మబ్బులుగా ఉంటుంది.వర్షం  పడే అవకాశం లేదు.
తుంపర్లు పడే అవకాశం ఉంది."
5073136,2025-07-29T19:24:24.097,TELANGANA,KAMAREDDY,Gandhari,NA,Millets,,NA,Weather,,"CLOUDY WEATHER, THERE IS NO  CHANCE OF  SHOWERS IN YOUR AREA
 మీ ప్రాంతములో వాతావరణం మబ్బులుగా ఉంటుంది.వర్షం పడే అవకాశం లేదు."
5072484,2025-07-29T18:25:03.827,TELANGANA,WARANGAL,Parvathagiri,NA,Fiber Crops,NA,NA,"Water Management, Micro Irrigation",,మీ ప్రాంతములో వాతావరణం మబ్బులుగా ఉంటుంది.జల్లులు పడే అవకాశం ఉంది.
5073141,2025-07-29T18:23:09.663,TELANGANA,WARANGAL,NA,NA,Cereals,NA,NA,Weather,Farmer asked query on Weather,"--మీ ప్రాంతం లో ఈ రోజు వాతావరణం మబ్బులుగా ఉంటుంది, జల్లులు  పడే అవకాశం ఉంది."
5072487,2025-07-29T18:00:51.14,TELANGANA,KAMAREDDY,Pedda Kodapgal,NA,Oilseeds,NA,NA,"Water Management, Micro Irrigation",Farmer asked query on Weather,మీ ప్రాంతములో వాతావరణం మబ్బులుగా ఉంటుంది.జల్లులు పడే అవకాశం ఉంది.
5074822,,TELANGANA,WARANGAL RURAL,Sangem,NA,NA,,,,paddy  weed management ;-,no weedicide recommended to spray in this crop stage
5073156,2025-07-29T16:50:05.147,TELANGANA,NIRMAL,,,Fiber Crops,,NA,Weather,Farmer asked query on Weather,"మీ ప్రాంతం లో ఈ రోజు వాతావరణం మబ్బులుగా ఉంటుంది, వర్షం పడే అవకాశం ఉంది."
5077407,2025-07-29T15:27:20.12,TELANGANA,NIRMAL,Narsapur G,,,,,NA,FARMER ASKED QUERY ABOUT FERTILIZER MANAGEMENT IN TURMERIC,
5071069,2025-07-29T14:57:01.667,TELANGANA,NIRMAL,Sarangapur,NA,NA,,,NA,Pradhan Mantri Kisan Samman Nidhi ;-,Pradhan Mantri Kisan Samman Nidhi ;- AUGUST 1ST WEEK
5075271,2025-07-29T14:21:12.017,TELANGANA,WARANGAL,Chennaraopet,,NA,,,,COTTON  SUCKING PEST MANAGEMENT ;-,RECOMMENDED TO SPRAY ACETAMIPRID   40 GRAMS +  MONOCROTOPHOS 320 ML /200 LITRES OF WATER /ACRE
5072500,2025-07-29T13:52:06.647,TELANGANA,WARANGAL,Raiparthy,NA,Fiber Crops,,NA,"Water Management, Micro Irrigation",Farmer asked query on Weather,మీ ప్రాంతములో వాతావరణం మబ్బులుగా ఉంటుంది. జల్లులు పడే అవకాశం కలదు.
5072720,2025-07-29T13:44:58.903,TELANGANA,KAMAREDDY,Madnur,NA,Oilseeds,NA,NA,Plant Protection,Farmer asked query on Weather,
5072721,2025-07-29T13:42:23.81,TELANGANA,KAMAREDDY,Madnur,NA,Oilseeds,NA,NA,Plant Protection,Farmer asked query on Weather,మీ ప్రాంతములో వాతావరణం మబ్బులుగా ఉంటుంది .జల్లులు పడే అవకాశం ఉంది
,2025-07-29T13:38:24.303,TELANGANA,KAMAREDDY,Gandhari,,Fiber Crops,NA,NA,Weather,Farmer asked query on Weather,మీ ప్రాంతములో వాతావరణం మబ్బులుగా ఉంటుంది. జల్లులు పడే అవకాశం కలదు.
5076334,2025-07-29T13:38:14.34,TELANGANA,KAMAREDDY,Ramareddy,,,,NA,NA,,"RECOMMENDED TO SPRAY BISPYRIBAC SODIUM (NOMINI GOLD) 80-100 ML/200 LITRES OF WATER PER ACRE 
బిస్ పైరిబాక్ సోడియం (నామినీ గోల్డ్) 80-100  మిల్లి లీటర్లు /200 లీటర్ల నీటికి చొప్పున కలిపి ఒక ఎకరాకు పిచికారి చేయాలి"
5073118,2025-07-29T12:04:25.42,TELANGANA,WARANGAL,Khanapur,,Cereals,,NA,Weather,Farmer asked query on Weather,మీ ప్రాంతములో వాతావరణం మబ్బులుగా ఉంటుంది.జల్లులు పడే అవకాశం కలదు.
5075266,2025-07-29T11:30:21.67,TELANGANA,KAMAREDDY,Pedda Kodapgal,,NA,NA,NA,NA,FARMER ASKED QUERY ABOUT APHIDS MANAGEMENT IN COTTON?,ఇమిడాక్లోప్రిడ్  60 మిల్లి లీటర్లు /200 లీటర్ల నీటికి చొప్పున కలిపి ఒక ఎకరాకు పిచికారి చేయాలి
5072498,2025-07-29T11:27:13.237,TELANGANA,KAMAREDDY,Pedda Kodapgal,,Cereals,NA,,"Water Management, Micro Irrigation",Farmer asked query on Weather,"మీ ప్రాంతములో వాతావరణం ఎండ,మబ్బులుగా ఉంటుంది.వర్షం  పడే అవకాశం లేదు."
5072712,2025-07-29T10:15:35.253,TELANGANA,KAMAREDDY,Madnur,NA,Oilseeds,NA,NA,Plant Protection,Farmer asked query on Weather,మీ ప్రాంతములో వాతావరణం మబ్బులుగా ఉంటుంది. జల్లులు పడే అవకాశం కలదు.
5076364,2025-07-29T09:19:29.857,TELANGANA,KAMAREDDY,Ramareddy,NA,NA,NA,NA,,farmer asked query about on fertilizer management in paddy?,"-PADDY :
దమ్ములో : యూరియా 25-30 కే/ఏ ,సింగిల్ సూపర్ ఫాస్ఫేట్ 150 కే/ఏ , మ్యూరేట్ ఆఫ్ పొటాష్ 15 కే/ఏ 
దుబ్బు  చేసేటప్పుడు  : యూరియా 25-30 కే/ఏ  (20 - 25 రోజులకు)
అంకురందశలో: యూరియా 25-30 కే/ఏ , మ్యూరేట్ ఆఫ్ పొటాష్ 15 కే/ఏ (60 - 65 రోజులకు)"
5075274,2025-07-29T09:18:07.977,TELANGANA,KAMAREDDY,Ramareddy,,,,NA,NA,farmer asked query about on stem borer management in paddy?,"-RECOMMENDED TO APPLY CARTAP HYDROCHLORIDE  4G  GRANULES  8 KG / ACRE   
కార్టాప్ హైడ్రోక్లోరైడ్ 4 జి గుళికలు   8 కిలోలు  / ఒక ఎకరాకు వేసుకోవాలి"
5072475,2025-07-29T08:45:31.14,TELANGANA,KAMAREDDY,Pitlam,NA,Cereals,NA,,"Water Management, Micro Irrigation",Farmer asked query on Weather,మీ ప్రాంతములో వాతావరణం మబ్బులుగా ఉంటుంది. జల్లులు పడే అవకాశం కలదు.
,2025-07-29T08:38:34.107,TELANGANA,KAMAREDDY,Pitlam,NA,Cereals,NA,NA,Weather,Farmer asked query on Weather,మీ ప్రాంతములో వాతావరణం మబ్బులుగా ఉంటుంది.జల్లులు పడే అవకాశం కలదు.
5073126,2025-07-29T08:17:17.463,TELANGANA,KAMAREDDY,NA,,Cereals,NA,NA,Weather,Farmer asked query on Weather,"THERE IS A CHANCE OF CLOUDY SHOWERS IN YOUR AREA  
 మీ ప్రాంతములో వాతావరణం మబ్బులుగా ఉంటుంది ,జల్లులు  పడే అవకాశం ఉంది"
5077408,2025-07-29T08:02:02.067,TELANGANA,WARANGAL,Duggondi,,NA,NA,NA,,QUERY ON NUTRIENT MANAGEMENT IN COTTON,"RECOMMENDED TO SPRAY 13-0-45 1 KG + BORON 600 GRAMS IN 200 LITER WATER PER ACRE
ఎకరానికి 200 లీటర్ల నీటిలో 13-0-45 1 కేజీ + బోరాన్ 600 గ్రాములు కలిపి పిచికారీ చేయండి"
5075277,2025-07-29T08:01:16.317,TELANGANA,WARANGAL,Duggondi,,,NA,NA,NA,QUERY ON SUCKING PEST MANAGEMENT IN COTTON,"RECOMMENDED TO SPRAY DIFENTHIURON (PEGASUS) 240 GM /200 LITRES OF WATER /ACRE 
డిఫెంతియూరోన్ (పెగాసస్) 240 గ్రాములు /200 లీటరు నీటికి కలిపి ఎకరానికి పిచికారీ చేయాలి"
5073155,2025-07-29T07:59:40.213,TELANGANA,NIRMAL,Tanur,,Fiber Crops,NA,NA,Weather,Farmer asked query on Weather,"మీ ప్రాంతములో వాతావరణం ఎండ,మబ్బులుగా ఉంటుంది.జల్లులు పడే అవకాశం ఉంది."
5073144,2025-07-29T07:50:34.14,TELANGANA,KAMAREDDY,Gandhari,NA,Fiber Crops,,NA,Weather,Farmer asked query on Weather,మీ ప్రాంతములో వాతావరణం మబ్బులుగా ఉంటుంది.జల్లులు పడే అవకాశం కలదు.
5073160,2025-07-29T07:41:17.967,,KAMAREDDY,Pedda Kodapgal,,Fiber Crops,NA,,Weather,Farmer asked query on Weather,
5030297,,TELANGANA,KAMAREDDY,Banswada,10712,Cereals,,NA,Nutrient Deficiency/Excessiveness Management,FARMER ASKED QUERY ABOUT NUTRIENT MANAGEMENT IN PADDY,"పైరుపై జింకు లోపం కనిపించగానే లీటరు నీటికి 2 గ్రా, జింకు సల్ఫేట్ చొప్పున కలిపి 5 రోజుల వ్యవధిలో 2,3 సార్లు పిచికారి చేయాలి. జింకు సల్ఫేట్ ద్రావణంలో పురుగు/తెగుళ్ళ మందులను కలుపరాదు. చౌడు నేలల్లో పిచికారి తప్పనిసరి."
5030298,2025-07-28T19:48:05.42,TELANGANA,KAMAREDDY,Banswada,10712,Cereals,,NA,Nutrient Deficiency/Excessiveness Management,,
5030286,2025-07-28T19:06:00.363,TELANGANA,WARANGAL,Raiparthy,10717,Fiber Crop,262,NA,Insect Management,Thrips and aphids in cotton,"RECOMMENDED TO SPRAY ACETAMIPRID(PRIDE)   40 GRAMS  /200 LITRES OF WATER /ACRE 
అసిటామిప్రైడ్   40 గ్రాములు   / 200 లీటర్ల నీటికి చొప్పున కలిపి ఒక ఎకరాకు పిచికారి చేయాలి"
5030287,2025-07-28T19:04:18.75,TELANGANA,WARANGAL,Raiparthy,,Cereals,262,NA,Insect Management,Stem borer in paddy,
5025946,2025-07-28T18:59:48.82,TELANGANA,WARANGAL,Raiparthy,2771,Others,257,,"Water Management, Micro Irrigation",Farmer asked query on Weather,"CLOUDY WEATHER, CHANCE OF SHOWERS IN YOUR AREA 

మీ ప్రాంతములో వాతావరణం మబ్బులుగా ఉంటుంది.జల్లులు పడే అవకాశం కలదు."
5025888,,TELANGANA,KAMAREDDY,Pedda Kodapgal,11177,Sub - Tropical Fruits,265,,Pathogenic Disease Management,Root rot in mosambi,"--RECOMMENDED TO DRENCH COPPER OXY CHLORIDE  3 GRAMS / 1 LITRE OF WATER 
కాపర్ ఆక్సీక్లోరైడ్ 3 గ్రాములు / లీటర్ నీటిలో కలిపి మొక్క మొదల్ల దగ్గర పోయాలి ."
5016859,2025-07-28T18:53:08.64,TELANGANA,WARANGAL RURAL,Geesugonda,10709,Cereals,262,NA,Insect Management,farmer asked query about stem borer management in maize,ఒక లీటరు నీటిలో కలిపి పిచికారి చేయాలి. 25-30 రోజుల పైరులో కార్బోప్యూరాన్ 3 జి గుళికలను ఎకరానికి 3 కిలోలు ఆకుల సుడులలో వేయాలి.
5016858,2025-07-28T18:50:37.943,TELANGANA,WARANGAL RURAL,Geesugonda,10717,Fiber Crop,262,NA,NA (Not Applicable),farmer asked query about weed management in cotton,"ప్రత్తిలో మొదటి దశలో (అనగా విత్తిన నెలలోపు) వచ్చు కలుపు నివారణ: ప్రత్తిని విత్తే 3-5 రోజుల ముందు ప్లూక్లోరాలిన్ 45% మందును ఎకరాకు 1 లీటరు చొప్పున చివరి దుక్కిలో పిచికారి చేసి భూమిలో కలియదున్నాలి లేదా విత్తనం వేసిన 24-48 గంటలలోపు పెండిమిథాలిన్ అనే కలుపు మందును ఎకరాకు 1.2 లీటరు చొప్పున 200 లీటర్ల నీటిలో- లీటరు నీటికి 6 మి.లీ. చొప్పున కలిపి చేతి పంపుతో చేనంతా సమంగా తడిచేటట్టు పిచికారి చేయాలి. భూమిలో సరియైన పదును/తేమ ఉన్నప్పుడే పిచికారి చేసిన గడ్డి మందు చాలా సమర్థవంతంగా పనిచేసి, కలుపును నివారిస్తుంది.

ప్రత్తి మొలకెత్తిన నెల రోజులకు చేనులో వచ్చు లేత గడ్డి మరియు వెడల్పాకు గల కలుపు నివారణకు – క్వాజలోఫాస్ ఇధైల్ (టర్గా సూపర్) 400 మి.లీ. లేదా ప్రోపాక్విజాఓఫాస్ (ఎజిల్) 250 మి.లీ. మరియు పైరిథయోబ్యాక్ సోడియం (హిట్ వీడ్/థీమ్/ రైఫ్) 250 మి.లీ. 200 లీటర్ల నీటిలో కలిరి రిచికారి చేయాలి."
5026045,2025-07-28T18:08:40.37,TELANGANA,WARANGAL,Raiparthy,2771,Others,257,,"Water Management, Micro Irrigation",Farmer asked query on Weather,
5025940,2025-07-28T18:08:18.97,TELANGANA,WARANGAL,Nalla Belli,1866,Fiber Crops,257,,"Water Management, Micro Irrigation",Farmer asked query on Weather,మీ ప్రాంతములో వాతావరణం మబ్బులుగా ఉంటుంది.జల్లులు పడే అవకాశం కలదు.
5025969,2025-07-28T18:03:38.493,TELANGANA,KAMAREDDY,Lingampet,7177,Cereals,257,,"Water Management, Micro Irrigation",,మీ ప్రాంతములో వాతావరణం మబ్బులుగా ఉంటుంది.జల్లులు పడే అవకాశం కలదు.
5025934,2025-07-28T17:23:43.427,TELANGANA,WARANGAL,Wardhanna Pet,2771,Others,257,,Weather,Farmer asked query on Weather,"CLOUDY WEATHER, CHANCE OF SHOWERS IN YOUR AREA 

మీ ప్రాంతములో వాతావరణం మబ్బులుగా ఉంటుంది.జల్లులు పడే అవకాశం కలదు."
5025729,2025-07-28T16:27:41.92,TELANGANA,WARANGAL,Dharmasagar,10717,Fiber Crop,262,,Insect Management,Aphids in cotton,"--RECOMMENDED TO SPRAY ACETAMIPRID(PRIDE)   40 GRAMS  /200 LITRES OF WATER /ACRE 
అసిటామిప్రైడ్   40 గ్రాములు   / 200 లీటర్ల నీటికి చొప్పున కలిపి ఒక ఎకరాకు పిచికారి చేయాలి"
5025728,2025-07-28T16:25:08.073,TELANGANA,WARANGAL,Dharmasagar,10717,Fiber Crop,262,NA,Insect Management,Aphids in cotton,
5025956,2025-07-28T15:50:54.97,TELANGANA,WARANGAL RURAL,7918,1866,Fiber Crops,257,NA,Plant Protection,Farmer asked query on Weather,"CLOUDY WEATHER, NO CHANCE OF SHOWERS IN YOUR AREA మీ ప్రాంతములో వాతావరణం మబ్బులుగా ఉంటుంది.వర్షం  పడే అవకాశం లేదు."
5025901,2025-07-28T15:49:28.57,TELANGANA,NIRMAL,Bhainsa,11090,Bulb Vegetable Crops,265,NA,Insect Management,onion thrips management ;-,RECOMMENDED TO SPRAY  FIPRONIL   400 ML / 200 LITRES OF WATER /ACRE
5025955,2025-07-28T15:49:01.563,TELANGANA,WARANGAL RURAL,7918,10717,Fiber Crop,262,,Insect Management,FARMER ASKED QUERY ON SUCKING PEST MANAGEMENT IN COTTON,పురుగుమందు వేసిన తర్వాత ఫలితం కోసం 2-3 రోజులు వేచి ఉండటం మంచిది.
5025900,2025-07-28T15:48:28.013,TELANGANA,NIRMAL,Bhainsa,1068,Oilseeds,257,NA,"Water Management, Micro Irrigation",Farmer asked query on Weather,మీ ప్రాంతములో వాతావరణం మబ్బులుగా ఉంటుంది.జల్లులు పడే అవకాశం కలదు.
5025831,2025-07-28T15:29:18.447,TELANGANA,KAMAREDDY,Sadasivanagar,10749,Oilseeds,262,,Pathogenic Disease Management,soybean  root rot masnagement ;-,RECOMMENDED TO DRENCH COPPER OXYCHLORIDE 3 GRAMS / 1 LITRE OF WATER
5025966,2025-07-28T15:19:12.573,TELANGANA,KAMAREDDY,Madnur,10709,Cereals,262,NA,Field Preparation,maize weed management ;-,"RECOMMENDED TO SPRAY 2, 4 D SODIUM SALT 500  GRAMS /200 LITRES OF WATER PER ACRE"
5025868,2025-07-28T15:15:54.523,TELANGANA,WARANGAL,Geesugonda,10717,Fiber Crop,262,NA,Nutrient Deficiency/Excessiveness Management,FARMER ASKED QUERY ON NUTRIENT MANAGEMENT IN COTTON,"RECOMMENDED TO SPRAY AGROMINIMAX 600 GRAMS / 200 LITER OF WATER 
అగ్రోమింమాక్స్ ఎకరానికి 600 గ్రాములు 200 లీటర్ల నీటికి కలిపి పిచికారీ చేయాలి (3 GM / 1 LITER OF WATER) 

RECOMMENDED TO SPRAY NPK 19-19-19 MIXTURE 5 GRAMS/ LITRE OF WATER 
NPK 19-19-19  5 గ్రాములు లీటరు నీటికి కలిపి  పిచికారీ చేయండి"
5025963,2025-07-28T15:15:27.803,TELANGANA,,Madnur,1068,Oilseeds,257,,"Water Management, Micro Irrigation",Farmer asked query on Weather,మీ ప్రాంతములో వాతావరణం మబ్బులుగా ఉంటుంది.జల్లులు పడే అవకాశం కలదు.
5025964,2025-07-28T15:14:07.543,TELANGANA,KAMAREDDY,Madnur,11212,Tropical Fruits,265,NA,Field Preparation,papaya uncultivated land   weed management ;-,RECOMMENDED TO SPRAY PARAQUAT   1 LITRE /  200 LITRES OF WATER PER ACRE
5025866,,TELANGANA,WARANGAL,,10717,Fiber Crop,262,NA,Insect Management,FARMER ASKED QUERY ON SUCKING PEST MANAGEMENT IN COTTON,"RECOMMENDED TO SPRAY FIPRONIL (REGENT) 400 ML / 200 LITRES OF WATER /ACRE  
ఫిప్రోనిల్ (రీజెంట్) 400  మిల్లి లీటర్లు /200 లీటర్ల నీటికి చొప్పున కలిపి ఒక ఎకరాకు పిచికారి చేయాలి"
5025869,2025-07-28T15:13:04.603,TELANGANA,WARANGAL,Geesugonda,1866,Fiber Crops,257,NA,Plant Protection,Farmer asked query on Weather,"CLOUDY WEATHER, NO CHANCE OF SHOWERS IN YOUR AREA మీ ప్రాంతములో వాతావరణం మబ్బులుగా ఉంటుంది.వర్షం  పడే అవకాశం లేదు."
5025965,2025-07-28T15:13:01.717,TELANGANA,KAMAREDDY,Madnur,10709,Cereals,262,NA,Insect Management,maize stem borer management ;-,RECOMMENDED TO SPRAY CHLORANTRANILIPROLE  60 ML/150 LITRES OF WATER / ACRE
5025719,2025-07-28T15:04:16.57,TELANGANA,NIRMAL,Laxmanchanda,10712,Cereals,262,NA,NA (Not Applicable),FARMER ASKED QUERY ON CONTACT DETAILS OF WEED RESEARCH GUNTUR,"REGIONAL AGRICULTURAL  RESEARCH STATION,LAM FARM ,GUNTUR: 08632524009,9989623806"
5025953,2025-07-28T14:23:21.607,TELANGANA,WARANGAL,Parvathagiri,2771,Others,257,NA,,Farmer asked query on Weather,"--THERE IS CHANCE OF CLOUDY WEATHER IN YOUR AREA 

మీ ప్రాంతములో వాతావరణం మబ్బులుగా ఉంటుంది.జల్లులు పడే అవకాశం ఉంది."
5026002,2025-07-28T13:42:49.537,TELANGANA,KAMAREDDY,Pedda Kodapgal,10717,Fiber Crop,262,NA,Insect Management,,ఎమామెక్టిన్  బెంజోయేట్  90 గ్రాములు   /200 లీటర్ల నీటికి చొప్పున కలిపి  ఒక ఎకరాకు పిచికారి చేయాలి.
5026008,2025-07-28T13:41:31.987,TELANGANA,KAMAREDDY,Pedda Kodapgal,7186,Millets,257,NA,Weather,,మీ ప్రాంతములో వాతావరణం మబ్బులుగా ఉంటుంది .జల్లులు పడే అవకాశం ఉంది
5025874,2025-07-28T13:41:08.197,TELANGANA,WARANGAL,Elkathurthi,10779,Asiatic Poultry Breed,263,,NA (Not Applicable),BOOKING OF CHCKS INFORMATION,"The Director, 
ICAR-Directorate of Poultry Research
Rajendranagar, Hyderabad 500 030,
Telangana, India Ph: Office: +91-40-24015650 ; Booking of Chicks: +91-40-24018687,"
5025826,2025-07-28T13:29:21.717,TELANGANA,WARANGAL,Raiparthy,1866,Fiber Crops,257,,,Farmer asked query on Weather,"మీ ప్రాంతములో వాతావరణం ఎండ,మబ్బులుగా ఉంటుంది.వర్షం  పడే అవకాశం లేదు."
5026055,2025-07-28T13:22:11.227,TELANGANA,WARANGAL,8018,10709,,262,NA,NA (Not Applicable),"market price of maize ,cotton","cotton

Sl no.	District Name	Market Name	Commodity	Variety	Grade	Min Price (Rs./Quintal)	Max Price (Rs./Quintal)	Modal Price (Rs./Quintal)	Price Date
1	Karimnagar	Jammikunta	Cotton	Cotton (Unginned)	FAQ	7600	7600	7600	28 Jul 2025
maize :
-Medak	Gajwel	Maize	Deshi Red	FAQ	2000	2200	2100	28 Jul 2025	Karimnagar	Husnabad	                Maize	Medium	Non-FAQ	2225	2300	2260	28 Jul 2025"
5025840,2025-07-28T13:21:03.17,TELANGANA,NIRMAL,Sarangapur,10717,Fiber Crop,262,NA,Insect Management,SUCKING PEST MANAGEMENT IN COTTON,థయోమిథాక్జొమ్ 40 గ్రాములు   / 200 లీటర్ల నీటికి చొప్పున కలిపి ఒక ఎకరాకు పిచికారి చేయాలి .
5025912,,TELANGANA,WARANGAL,Narsampet,10709,Cereals,262,NA,NA (Not Applicable),WEED MANAGEMENT IN MAIZE SOWN AFTER  15-20 DAYS CROP,టెంబోట్రయోన్ 115 మిల్లి లీటర్లు + అట్రజిన్ 400గ్రాములు/200 లీటర్ల నీటికి చొప్పున కలిపి ఒక ఎకరాకు పిచికారి చేయాలి.
5025844,2025-07-28T13:11:35.72,TELANGANA,NIRMAL,Sarangapur,10717,Fiber Crop,262,NA,Insect Management,INCOMPLETE CALL,INCOMPLETE CALL
5026005,2025-07-28T12:52:26.447,TELANGANA,NIRMAL,Bhainsa,1866,Fiber Crops,257,NA,Weather,Farmer asked query on Weather,మీ ప్రాంతములో వాతావరణం మబ్బులుగా ఉంటుంది .జల్లులు పడే అవకాశం ఉంది
5026007,2025-07-28T12:00:41.233,TELANGANA,KAMAREDDY,7989,2771,Others,257,NA,Weather,Farmer asked query on Weather,--మీ ప్రాంతములో వాతావరణం మబ్బులుగా ఉంటుంది.
5025861,2025-07-28T11:16:46.987,TELANGANA,NIRMAL,Tanur,1068,Oilseeds,257,,Weed Management,,"MANUAL WEEDING IS RECOMMENDED

కూలీల సహాయంతో కలుపు తీయండి."
5025862,2025-07-28T11:16:19.18,TELANGANA,NIRMAL,Tanur,1068,Oilseeds,257,,Nutrient Management,,"RECOMMENDED TO SPRAY 19-19-19 1 KG + AGRO MINI MAX 600 GRAMS IN 200 LITER WATER PER ACRE
ఎకరానికి 200 లీటర్ల నీటిలో 19-19-19 1 కేజీ + ఆగ్రో మినీ మ్యాక్స్ 600 గ్రాములు కలిపి పిచికారీ చేయండి"
5025863,2025-07-28T11:13:49.15,TELANGANA,NIRMAL,Tanur,1068,Oilseeds,257,NA,Plant Protection,Farmer asked query on Weather,మీ ప్రాంతములో  వాతావరణం ఎండా మబ్బులుగా ఉంటుంది.జల్లులు పడే అవకాశం కలదు
5025907,2025-07-28T11:01:22.28,TELANGANA,KAMAREDDY,,1068,Oilseeds,257,NA,Plant Protection,Farmer asked query on Weather,మీ ప్రాంతములో వాతావరణం మబ్బులుగా ఉంటుంది. జల్లులు పడే అవకాశం కలదు.
5025899,2025-07-28T10:47:54.38,TELANGANA,NIRMAL,Bhainsa,1866,Fiber Crops,257,NA,Plant Protection,Farmer asked query on Weather,మీ ప్రాంతములో వాతావరణం మబ్బులుగా ఉంటుంది. జల్లులు పడే అవకాశం కలదు.
5025743,2025-07-28T10:35:36.847,TELANGANA,WARANGAL RURAL,Wardhanna Pet,,Cereals,262,,Insect Management,QUERY ON USE OF GRANULES IN PADDY,"RECOMMENDED TO APPLY CARBOFURAN 3 G  GRANULES  8-10 KG /ACRE  
కార్బోఫురాన్ 3 జి గుళికలు 10  కిలోలు  / ఒక ఎకరాకు వేసుకోవాలి"
5025744,2025-07-28T10:33:25.06,TELANGANA,,Wardhanna Pet,10717,Fiber Crop,262,,Insect Management,QUERY ON SUCKING PEST MANAGEMENT IN COTTON,"RECOMMENDED TO SPRAY FIPRONIL +IMIDACLOPRID (POLICE,LESENTA) 100GM/ 200 LITER OF WATER/ ACRE
ఫిప్రోనిల్+ఇమిడాక్లోప్రిడ్ (పోలీస్,లేసెంటా) 100గ్రాములు    /200 లీటర్ల నీటికి కలిపి ఒక ఎకరాకు పిచికారి చేయాలి"
,2025-07-28T10:23:21.963,TELANGANA,NIRMAL,Kubeer,1068,Oilseeds,,NA,Plant Protection,Farmer asked query on Weather,"మీ ప్రాంతములో వాతావరణం ఎండ,మబ్బులుగా ఉంటుంది.వర్షం  పడే అవకాశం లేదు."
5026021,,TELANGANA,NIRMAL,Tanur,10749,Oilseeds,262,,Insect Management,FARMER ASKED QUERY ABOUT CATERPILLAR MANAGEMENT IN SOYABEAN?,"నొవాల్యురాన్ (రెమోన్)  300 మిల్లి లీటర్లు  / 200 లీటర్ల నీటికి చొప్పున కలిపి ఎకరాకు పిచికారి చేయాలి
(OR)
థయోడికార్బ్ (లార్విన్) 300 గ్రాములు / 200 లీటర్ల నీటికి చొప్పున కలిపి  ఒక ఎకరాకు పిచికారి చేయాలి"
5026020,2025-07-28T10:15:21.557,TELANGANA,NIRMAL,Tanur,10717,Fiber Crop,262,NA,Nutrient Deficiency/Excessiveness Management,FARMER ASKED QUERY ABOUT NUTRIENT MANAGEMENT IN COTTON?,NPK 19-19-19  5 గ్రాములు లీటరు నీటికి కలిపి  పిచికారీ చేయండి +అగ్రోమింమాక్స్ ఎకరానికి 600 గ్రాములు 200 లీటర్ల నీటికి కలిపి పిచికారీ చేయాలి (3 GM / 1 LITER OF WATER)
5026004,2025-07-28T10:12:34.693,TELANGANA,KAMAREDDY,Pedda Kodapgal,10717,Fiber Crop,262,,NA (Not Applicable),LEAF SPOT IN COTTON MANAGEMENT,( కార్బెండజిం + మాంకోజెబ్ ) 400 గ్రాములు / 200 లీటర్ల నీటికి చొప్పున కలిపి ఒక ఎకరాకు పిచికారి చేయాలి .
5026019,2025-07-28T10:12:16.61,TELANGANA,NIRMAL,Tanur,10717,Fiber Crop,262,NA,Insect Management,FARMER ASKED QUERY ABOUT SUCKING PEST MANAGEMENT IN COTTON?,ఫ్లోనికామిడ్ (ఉలాల) 75  గ్రాములు  / 200 లీటర్ల నీటికి చొప్పున కలిపి ఒక ఎకరాకు పిచికారి చేయాలి
5026003,2025-07-28T10:10:33.243,TELANGANA,KAMAREDDY,Pedda Kodapgal,7177,Cereals,257,,,Farmer asked query on Weather,మీ ప్రాంతములో వాతావరణం మబ్బులుగా ఉంటుంది .జల్లులు పడే అవకాశం ఉంది
5026018,2025-07-28T10:03:40.483,TELANGANA,KAMAREDDY,Jukkal,1866,Fiber Crops,257,,"Water Management, Micro Irrigation",Farmer asked query on Weather,మీ ప్రాంతములో వాతావరణం మబ్బులుగా ఉంటుంది. జల్లులు పడే అవకాశం కలదు.
5025917,2025-07-28T09:59:21.83,TELANGANA,WARANGAL,Geesugonda,10717,Fiber Crop,262,,NA (Not Applicable),FARMER ASKED QUERY ABOUT POST-EMERGENCE WEED MANAGEMENT IN COTTON?,"Fenoxaprop-p-ethyl is a selective post-emergent herbicide that targets grass weeds in a variety of crops, including cereals, rice, soybeans, and cotton. 
RECOMMENDED TO DO NOT SPRAY AFTER 30 DAYS CROP."
5025877,2025-07-28T09:32:40.817,TELANGANA,WARANGAL,Nekkonda,10709,Cereals,262,NA,NA (Not Applicable),CAN WE MIX  NANO UREA  AND INSECTICIDE TOGETHER?,RECOMMENDED NOT TO SPRAY NANO UREA  AND INSECTICIDE TOGETHER
5025800,2025-07-28T09:25:12.127,TELANGANA,NIRMAL,Mudhole,7177,Cereals,257,NA,Weather,Farmer asked query on Weather,"THERE IS A CHANCE OF CLOUDY SHOWERS IN YOUR AREA  
 మీ ప్రాంతములో వాతావరణం మబ్బులుగా ఉంటుంది ,జల్లులు  పడే అవకాశం ఉంది"
5025993,2025-07-28T09:02:34.523,TELANGANA,NIRMAL,Lokeswaram,7177,Cereals,257,,,Farmer asked query on Weather,మీ ప్రాంతములో వాతావరణం మబ్బులుగా ఉంటుంది .జల్లులు పడే అవకాశం ఉంది
5025876,2025-07-28T08:26:25.857,TELANGANA,WARANGAL,Nekkonda,10709,Cereals,262,NA,Insect Management,FALL ARMYWORM MANAGEMENT IN MAIZE,RECOMMENDED TO SPRAY Novaluron 5.25% + Emamectin benzoate 0.9%(BARAZIDE) 320ML/200 LITER OF WATER/ACRE
5025875,2025-07-28T08:19:22.683,TELANGANA,WARANGAL,Nekkonda,10709,Cereals,262,NA,Insect Management,,"--RECOMMENDED TO SPRAY Novaluron 5.25% + Emamectin benzoate 0.9%(BARAZIDE) 320ML/200 LITER OF WATER/ACRE
-నోవాలురాన్ 5.25% + ఎమామెక్టిన్ బెంజోయేట్ 0.9%(బరాజైడ్) 320మి.లీ/200 లీటర్ల నీరు/ఎకరం స్ప్రే చేయాలని సిఫార్సు చేయబడింది.(OR)

RECOMMENDED TO SPRAY EMAMECTIN BENZOATE (PROCLAIM) 90 GRAMS /150 LITRES OF WATER / ACRE  
ఎమామెక్టిన్  బెంజోయేట్  90 గ్రాములు   /150 లీటర్ల నీటికి చొప్పున కలిపి  ఒక ఎకరాకు పిచికారి చేయాలి"
5026042,2025-07-28T08:12:48.753,TELANGANA,,,10717,Fiber Crop,262,NA,Insect Management,SUCKING PEST IN COTTON MANAGEMENT,RECOMMENDED TO SPRAY  FIPRONIL  +IMIDACLOPRID (POLICE) 100 GRAMS/200 LITRES OF WATER /ACRE
5026041,2025-07-28T08:11:21.817,TELANGANA,WARANGAL,Nekkonda,10712,Cereals,262,,Nutrient Deficiency/Excessiveness Management,-- FERTILIZER MANAGEMENT IN PADDY MAIN FIELD,"RECOMMENDED TO APPLY 1 BAG - DAP , UREA -33 KGS , POTASH - 15-20 KGS  BEFORE TRANSPLANTING IN MAIN FIELD ., LATER 32 KGS OF UREA AND 15 KGS OF POTASH AT 25-30 DAYS( PILAKA DASHA ) AND ALSO AT 60-65 DAYS ( CHIRRUPOTTA DASHA)"
5025921,2025-07-28T07:43:32.783,,NIRMAL,Mudhole,10717,Fiber Crop,262,NA,Nutrient Deficiency/Excessiveness Management,NUTRIENT MANAGEMENT IN COTTON,పొటాషియం  నైట్రేట్  13-0-45 @ 5 గ్రాములు +  అగ్రోమిం మాక్స్ @ 3 గ్రాములు లీటరు నీటికి లలిపి  పిచికారీ చేయండి.
,2025-07-28T07:42:22.093,TELANGANA,NIRMAL,Mudhole,10717,Fiber Crop,262,,Insect Management,APHIDS IN COTTON MANAGEMENT,అసిపేట్ 300 గ్రాములు / 200 లీటర్ల నీటికి చొప్పున కలిపి ఒక ఎకరాకు పిచికారి చేయాలి
5025976,2025-07-28T06:31:45.533,TELANGANA,KAMAREDDY,Gandhari,7177,Cereals,257,NA,Weather,Farmer asked query on Weather,"THERE IS A CHANCE OF CLOUDY SHOWERS IN YOUR AREA  
 మీ ప్రాంతములో వాతావరణం మబ్బులుగా ఉంటుంది ,జల్లులు  పడే అవకాశం ఉంది"
5047591,2025-07-27T19:11:26.173,TELANGANA,KAMAREDDY,Pedda Kodapgal,,Fiber Crops,,,Weather,Farmer asked query on Weather,మీ ప్రాంతములో వాతావరణం మబ్బులుగా ఉంటుంది .జల్లులు నుండి మోస్తరు వర్షం పడే అవకాశం ఉంది
5050405,2025-07-27T18:43:36.543,TELANGANA,WARANGAL,Khanapur,,NA,,,NA,PADDY NURSERY WEED MANAGEMENT ;-,NO WEEDICIDE RECOMMENDED TO SPRAY IN THIS CROP STAGE
5052583,2025-07-27T18:37:12.647,TELANGANA,WARANGAL,Khanapur,,,NA,NA,NA,weed management in paddy nursery sown after 28 days crop,recommended to do hand weeding only
5047196,2025-07-27T18:20:45.51,TELANGANA,KAMAREDDY,Pedda Kodapgal,NA,Fiber Crops,NA,,"Water Management, Micro Irrigation",Farmer asked query on Weather,మీ ప్రాంతములో వాతావరణం మబ్బులుగా ఉంటుంది .జల్లులు నుండి మోస్తరు వర్షం పడే అవకాశం ఉంది
5047169,2025-07-27T18:12:15.387,TELANGANA,NIRMAL,Lokeswaram,NA,Cereals,,,"Water Management, Micro Irrigation",Farmer asked query on Weather,మీ ప్రాంతములో వాతావరణం మబ్బులుగా ఉంటుంది.జల్లులు పడే అవకాశం కలదు.
5053638,2025-07-27T15:42:05.687,TELANGANA,NIRMAL,Laxmanchanda,,NA,,NA,,NUTRIENT MANAGEMENT IN SOYABEAN,19-19-19 @ 5 గ్రాములు +  అగ్రోమిం మాక్స్ @ 3 గ్రాములు లీటరు నీటికి కలిపి  పిచికారీ చేయండి.
5054339,2025-07-27T15:33:47.18,TELANGANA,KAMAREDDY,Gandhari,NA,,NA,NA,NA,MAIZE LEAF SPOT MANAGEMENT ;-,RECOMMENDED TO SPRAY CARBENDAZIM 12%+MANCOZEB 63%WP   400 GM / 200 LIT OF WATER /ACRE
5053727,2025-07-27T15:32:26.09,TELANGANA,KAMAREDDY,Gandhari,NA,NA,,NA,NA,MAIZE NUTRIENT MANAGEMENT ;-,RECOMMENDED TO SPRAY NPK 19-19-19 MIXTURE 5 GRAMS /LITRE OF WATER
5052405,2025-07-27T15:16:29.52,,KAMAREDDY,Banswada,,,NA,,,PADDY NURSERY  HARD SOIL  MANAGEMENT ;-,RECOMMENDED TO APPLY SSP - 1 KG/ 1CENT NURSERY/BEFORE 3 DAYS APPLY  NURERY FIELD
5047171,2025-07-27T15:15:50.51,TELANGANA,KAMAREDDY,Banswada,,Cereals,NA,NA,"Water Management, Micro Irrigation",,మీ ప్రాంతములో వాతావరణం మబ్బులుగా ఉంటుంది.జల్లులు పడే అవకాశం కలదు.
5053728,2025-07-27T14:29:54.16,TELANGANA,WARANGAL,Hasanparthy,NA,NA,NA,NA,NA,COTTON FERTILIZER MANAGEMENT ;-,RECOMMENDED TO APPLY UREA- 25 KG AND MOP- 15 KG/ACRE
,2025-07-27T14:28:46.147,TELANGANA,WARANGAL,Hasanparthy,NA,,,,NA,COTTON   ROOT ROT  MANAGEMENT ;-,RECOMMENDED TO DRENCH   COPPER OXYCHLORIDE   3 GRAMS / 1 LITRE OF WATER
5050809,2025-07-27T14:27:39.087,TELANGANA,WARANGAL,Hasanparthy,NA,NA,,NA,NA,COTTON  APHIDS  MANAGEMENT ;-,RECOMMENDED TO SPRAY IMIDACLOPRID  60 ML IN 200 LITERS OF WATER/ 1 ACRE.
5047420,2025-07-27T13:36:25.427,TELANGANA,KAMAREDDY,Madnur,,Cereals,,NA,Weather,Farmer asked query on Weather,మీ ప్రాంతములో వాతావరణం మబ్బులుగా ఉంటుంది .జల్లులు నుండి మోస్తరు వర్షం పడే అవకాశం ఉంది
5052401,2025-07-27T13:33:02.607,TELANGANA,KAMAREDDY,Gandhari,NA,NA,NA,NA,NA,no answer,INCOMPLETE CALL
,2025-07-27T13:22:03.04,TELANGANA,KAMAREDDY,NA,NA,NA,,NA,NA,"INCOMPLETE CALL
Non contactable - 	Busy
ANDHRA PRADESH ABANDONED OUT CALL FROM KISAN CALL CENTRE
???????? ???? ???? ?????? ???? ?????? ???? ????? ???????? ????????. ?????? ???? ???? ????? ????????,???? ????? ???? ??????  ????? ???? ????? ?????? 1800-180-1551 ?? ???? ??????.",INCOMPLETE CALL
5053620,2025-07-27T13:16:33.707,TELANGANA,KAMAREDDY,Machareddy,NA,,,,NA,Type of granules used in paddy field,కార్బోఫురాన్ 3 జి గుళికలు 10  కిలోలు  / ఒక ఎకరాకు వేసుకోవాలి
5050890,2025-07-27T13:12:21.963,TELANGANA,KAMAREDDY,Madnur,NA,NA,NA,,,Farmer asked query about caterpillar management in soybean.,RECOMMENDED TO SPRAY  NOVALURON+INDOXACARB  (PLITHORA) 350 ML / 200 LITRES OF WATER / ACRE   నొవాల్యురాన్ + ఇండాక్సకార్బ్ (ప్లితోరా) 350 మిల్లి లీటర్లు / 200 లీటర్ల నీటికి చొప్పున కలిపి ఒక ఎకరాకు పిచికారి చేయాలి
5047573,2025-07-27T13:04:56.42,TELANGANA,NIRMAL,Mudhole,,Others,NA,NA,Weather,Farmer asked query on Weather,
5050900,2025-07-27T13:02:08.577,TELANGANA,NIRMAL,Mudhole,,NA,NA,NA,NA,stem borer management in paddy,కార్బోఫ్యూరాన్ 3 G గుళికలు  8 -10 కిలోలు / ఒక ఎకరాకు వేసుకోవాలి
5045692,2025-07-27T12:30:15.903,TELANGANA,KAMAREDDY,Machareddy,NA,,,NA,NA,farmer asked about pm kisan 20th installment releasing date,"PM KISAN 20th installment date not yet announced by the Government
ప్రధానమంత్రి కిసాన్ 20వ విడత తేదీని ప్రభుత్వం ఇంకా ప్రకటించలేదు."
5045681,2025-07-27T12:24:45.963,TELANGANA,WARANGAL,Geesugonda,,NA,NA,,,no response from the farmer voice is not audible to the farmer,INCOMPLETE CALL
5047584,2025-07-27T12:21:32.79,,KAMAREDDY,Domakonda,,Cereals,NA,NA,Weather,Farmer asked query on Weather,మీ ప్రాంతములో వాతావరణం మబ్బులుగా ఉంటుంది .జల్లులు నుండి మోస్తరు వర్షం పడే అవకాశం ఉంది
5052573,2025-07-27T12:07:35.303,TELANGANA,WARANGAL,NA,NA,NA,,,NA,FERTILIZER RECOMMENDATION IN PADDY,"RECOMMENDED TO APPLY UREA 33 KG/ACRE, POTASH 20 KG/ACRE"
5050811,2025-07-27T11:17:09.603,TELANGANA,KAMAREDDY,Gandhari,NA,,,NA,,FALL ARMY WORM MANAGEMENT IN MAIZE,"RECOMMENDED TO SPRAY EMAMECTIN BENZOATE (PROCLAIM) 90 -100 GRAMS /150 LITRES OF WATER / ACRE  
ఎమామెక్టిన్  బెంజోయేట్  90-100  గ్రాములు   /150 లీటర్ల నీటికి చొప్పున కలిపి  ఒక ఎకరాకు పిచికారి చేయాలి ."
5047417,2025-07-27T11:15:41.91,TELANGANA,KAMAREDDY,Gandhari,NA,Millets,NA,NA,Weather,Farmer asked query on Weather,
5045695,2025-07-27T11:13:09.23,TELANGANA,KAMAREDDY,Gandhari,,,NA,,NA,INCOMPLETE CALL,INCOMPLETE CALL
5047410,2025-07-27T11:06:47.123,TELANGANA,KAMAREDDY,Ramareddy,NA,Cereals,,NA,Weather,Farmer asked query on Weather,"THERE IS CHANCE OF CLOUDY WEATHER IN YOUR AREA and CHANCE OF SHOWERS IN YOUR AREA 
మీ ప్రాంతములో వాతావరణం మబ్బులుగా  ఉంటుంది, జల్లులు  పడే అవకాశం ఉంది."
5050300,2025-07-27T10:53:44.26,TELANGANA,NIRMAL,Mudhole,,NA,NA,,NA,,"RECOMMENDED TO SPRAY POTASSIUM NITRATE 13-0-45 @ 5 GRAMS/1 LITER OF WATER(1KG/ACRE/200 LITERS OF WATER).పొటాషియం  నైట్రేట్  13-0-45 @ 5 గ్రాములు లీటరు నీటికి కలిపి  పిచికారీ చేయండి. +RECOMMENDED TO SPRAY AGROMINIMAX @ 600 GRAMS PER 200 LITERS OF WATER PER ACRE (3 GRAMS PER 1 LITER OF WATER )
అగ్రోమినిమాక్స్ 3 గ్రాములు లీటరు నీటికి కలిపి  పిచికారీ చేయండి."
5047216,2025-07-27T10:48:55.367,TELANGANA,KAMAREDDY,Gandhari,NA,Millets,,NA,Plant Protection,Farmer asked query on Weather,మీ ప్రాంతములో వాతావరణం మబ్బులుగా ఉంటుంది. జల్లులు పడే అవకాశం కలదు.
5047581,,TELANGANA,KAMAREDDY,Dongli,NA,Oilseeds,NA,NA,Weather,Farmer asked query on Weather,మీ ప్రాంతములో వాతావరణం మబ్బులుగా ఉంటుంది. జల్లులు పడే అవకాశం కలదు.
5047593,2025-07-27T09:58:52.457,TELANGANA,WARANGAL,Geesugonda,,Cereals,NA,NA,Weather,Farmer asked query on Weather,--మీ ప్రాంతములో వాతావరణం మబ్బులుగా ఉంటుంది .జల్లులు నుండి మోస్తరు వర్షం పడే అవకాశం ఉంది
5047416,2025-07-27T09:56:01.35,TELANGANA,NIRMAL,Lokeswaram,NA,Cereals,NA,NA,Weather,Farmer asked query on Weather,మీ ప్రాంతములో వాతావరణం మబ్బులుగా ఉంటుంది .జల్లులు నుండి మోస్తరు వర్షం పడే అవకాశం ఉంది
5046276,2025-07-27T09:53:32.43,,WARANGAL,Warangal,,Fiber Crops,,,Fertilizer Use and Availability,Farmer asked query on Weather,మీ ప్రాంతములో వాతావరణం మబ్బులుగా ఉంటుంది. జల్లులు పడే అవకాశం కలదు.
5047582,2025-07-27T09:27:00.997,TELANGANA,KAMAREDDY,Bichkunda,NA,Oilseeds,NA,,Weather,Farmer asked query on Weather,"THERE IS CHANCE OF CLOUDY WEATHER IN YOUR AREA and CHANCE OF SHOWERS IN YOUR AREA 
మీ ప్రాంతములో వాతావరణం మబ్బులుగా  ఉంటుంది, జల్లులు  పడే అవకాశం ఉంది."
5052570,2025-07-27T09:19:14.44,TELANGANA,WARANGAL,Narsampet,NA,,NA,NA,NA,weed management in cotton management,recommended to do hand weeding  only
5052591,2025-07-27T09:13:25.44,TELANGANA,WARANGAL,Atmakur,NA,,NA,NA,,weed management in turmeric sown after 30 days crop,recommended to do hand weeding only
5050869,2025-07-27T09:11:10.87,TELANGANA,WARANGAL,Atmakur,NA,NA,NA,,NA,mealy bugs in cotton management,--ప్రోఫెనోఫాస్  400 మిల్లి లీటర్లు   /200 లీటర్ల నీటికి చొప్పున కలిపి ఒక ఎకరాకు పిచికారి చేయాలి
5051032,2025-07-27T08:42:22.493,TELANGANA,NIRMAL,Tanur,,NA,NA,NA,,midge fly in soyabean management,క్లోరోఫైరిఫాస్   500 మిల్లి లీటర్లు  / 200 లీటర్ల నీటికి చొప్పున కలిపి  ఒక ఎకరాకు పిచికారి చేయాలి
5048664,2025-07-27T08:40:19.587,TELANGANA,NIRMAL,Tanur,,Oilseeds,,NA,Weather,Farmer asked query on Weather,మీ ప్రాంతములో వాతావరణం మబ్బులుగా ఉంటుంది .జల్లులు నుండి మోస్తరు వర్షం పడే అవకాశం ఉంది
5047411,2025-07-27T08:40:18.413,TELANGANA,KAMAREDDY,Gandhari,NA,Fiber Crops,NA,,Weather,Farmer asked query on Weather,"THERE IS CHANCE OF CLOUDY AND DRY WEATHER IN YOUR AREA
మీ ప్రాంతంలో వాతావరణం ఎండ,మబ్బులుగా ఉంటుంది. జల్లులు పడే అవకాశం ఉంది."
5045690,2025-07-27T08:39:01.227,TELANGANA,KAMAREDDY,Gandhari,NA,NA,NA,NA,,INCOMPLETE CALL,INCOMPLETE CALL
5045689,2025-07-27T08:38:40.27,TELANGANA,KAMAREDDY,Gandhari,,NA,NA,NA,,Farmer asked query on Weather,INCOMPLETE CALL
5047415,2025-07-27T08:36:44.387,TELANGANA,KAMAREDDY,Gandhari,NA,Fiber Crops,NA,NA,Weather,Farmer asked query on Weather,"THERE IS CHANCE OF CLOUDY WEATHER IN YOUR AREA and CHANCE OF SHOWERS IN YOUR AREA 
మీ ప్రాంతములో వాతావరణం మబ్బులుగా  ఉంటుంది, జల్లులు  పడే అవకాశం ఉంది."
5053729,2025-07-27T08:12:14.747,TELANGANA,WARANGAL,Nekkonda,,,NA,NA,NA,nutrient  management  in marigold,ఎకరానికి 200 లీటర్ల నీటిలో 19-19-19 1 కేజీ + ఆగ్రో మినీ మ్యాక్స్ 600 గ్రాములు కలిపి పిచికారీ చేయండి
5050806,2025-07-27T08:10:53.437,TELANGANA,WARANGAL,Nekkonda,NA,,,NA,,leaf minor in marigold management,--అసిటామిప్రైడ్   40 గ్రాములు   / 200 లీటర్ల నీటికి చొప్పున కలిపి ఒక ఎకరాకు పిచికారి చేయాలి
5046277,2025-07-27T07:54:44.06,TELANGANA,KAMAREDDY,Gandhari,NA,Millets,,NA,Fertilizer Use and Availability,Farmer asked query on Weather,మీ ప్రాంతములో వాతావరణం మబ్బులుగా ఉంటుంది .జల్లులు నుండి మోస్తరు వర్షం పడే అవకాశం ఉంది
5054628,2025-07-27T07:43:15.323,TELANGANA,WARANGAL,Warangal,NA,NA,NA,NA,NA,,Recommended to use gypsum or SSP 1- 2 KGS For easy picking of paddy nursery to main field
5047414,2025-07-27T07:42:12.317,TELANGANA,KAMAREDDY,Gandhari,NA,Millets,,,Weather,Farmer asked query on Weather,"THERE IS CHANCE OF CLOUDY WEATHER IN YOUR AREA and CHANCE OF SHOWERS IN YOUR AREA 
మీ ప్రాంతములో వాతావరణం మబ్బులుగా  ఉంటుంది, జల్లులు  పడే అవకాశం ఉంది."
5047585,2025-07-27T07:25:21.98,TELANGANA,WARANGAL,Wardhanna Pet,,Fiber Crops,,NA,Weather,Farmer asked query on Weather,
5047203,2025-07-27T07:21:28.857,TELANGANA,NIRMAL,Kubeer,NA,Oilseeds,NA,NA,Plant Protection,Farmer asked query on Weather,మీ ప్రాంతములో వాతావరణం మబ్బులుగా ఉంటుంది. జల్లులు పడే అవకాశం కలదు.
5047418,2025-07-27T07:04:04.273,TELANGANA,KAMAREDDY,Jukkal,,Fiber Crops,NA,NA,Weather,Farmer asked query on Weather,"CLOUDY WEATHER, THERE IS A CHANCE OF  SHOWERS IN YOUR AREA  
మీ ప్రాంతములో వాతావరణం మబ్బులుగా ఉంటుంది.వర్షం  పడే అవకాశం ఉంది."
5062519,2025-07-25T21:35:25.97,TELANGANA,KAMAREDDY,Gandhari,NA,Fiber Crops,NA,,NA,,"THERE IS A CHANCE OF CLOUDY SHOWERS IN YOUR AREA  
 మీ ప్రాంతములో వాతావరణం మబ్బులుగా ఉంటుంది ,జల్లులు  పడే అవకాశం ఉంది"
5062508,2025-07-25T20:47:11.47,TELANGANA,NIRMAL,Lokeswaram,NA,Others,NA,,,Farmer asked query on Weather,"There is a chance of light to moderate rains in your area
మీ ప్రాంతంలో తేలికపాటి నుండి మోస్తరు వర్షాలు కురిసే అవకాశం ఉంది"
5060116,2025-07-25T20:34:22.333,TELANGANA,NIRMAL,Sarangapur,,,NA,NA,NA,INCOMPLETE CALL,INCOMPLETE CALL
5060117,2025-07-25T20:34:10.047,TELANGANA,NIRMAL,Sarangapur,NA,,,NA,,INCOMPLETE CALL,INCOMPLETE CALL
5067738,,TELANGANA,NIRMAL,Bhainsa,NA,NA,NA,NA,,Nutrients management in cotton,"Advised farmer to spray Nano-Urea @ 2 to 4 ml per liter water for cotton
పత్తి కోసం లీటరు నీటికి 2 నుండి 4 మి.లీ. నానో-యూరియాను పిచికారీ చేయాలని రైతుకు సలహా ఇచ్చారు."
5064741,2025-07-25T19:21:37.29,TELANGANA,NIRMAL,Bhainsa,NA,,,,NA,Weed management in soyabean,"Advised farmer to take up manual weeding as the weeds are at 7 to 8 leaves stage
కలుపు మొక్కలు 7 నుండి 8 ఆకుల దశలో ఉన్నందున రైతు మాన్యువల్ కలుపు తీయుట చేపట్టాలని సలహా ఇచ్చారు."
5062521,2025-07-25T18:21:48.98,TELANGANA,KAMAREDDY,Jukkal,NA,Others,NA,NA,NA,Farmer asked query on Weather,"There is a chance of light to moderate rains in your area
మీ ప్రాంతంలో తేలికపాటి నుండి మోస్తరు వర్షాలు కురిసే అవకాశం ఉంది"
5060130,2025-07-25T17:57:40.74,TELANGANA,KAMAREDDY,Gandhari,NA,,,,,Farmer asked query on Weather,INCOMPLETE CALL
5064740,2025-07-25T17:43:53.683,TELANGANA,WARANGAL,Sangem,NA,NA,NA,,,When the rains will stop as the soil is saturated and there is excess moisture in the soil for cotton,"--There is a chance of light to moderate rains in your area
మీ ప్రాంతంలో తేలికపాటి నుండి మోస్తరు వర్షాలు కురిసే అవకాశం ఉంది"
5067752,2025-07-25T09:33:42.09,TELANGANA,NIRMAL,Bhainsa,NA,,NA,NA,NA,FARMER ASKED QUERY ABOUT NUTRIENT MANAGEMENT IN SOYABEAN,"Ambition  is recommended to be sprayed at 400ML/acre,Technical Content	Amino acid, fulvic acid and micro element
ఆంబిషన్ Ambition Plant Growth Promoter  400ML/ఎకరానికి పిచికారీ చేయడానికి సిఫార్సు చేయబడింది"
5065330,2025-07-25T09:31:13.437,TELANGANA,NIRMAL,Bhainsa,NA,,NA,NA,NA,FARMER ASKED QUERY ABOUT CATERPILLAR MANAGEMENT IN SOYABEAN,"RECOMMENDED TO SPRAY CHLORANTHRANILIPROL 60 ML / 150 LITRES OF WATER /ACRE 

క్లోరన్తానిలిప్రోల్ 60 మిల్లి లీటర్లు / 150 లీటర్ల నీటికి చొప్పున కలిపి ఎకరాకు పిచికారి చేయాలి."
5062491,2025-07-25T09:29:56.13,TELANGANA,NIRMAL,Bhainsa,NA,Oilseeds,,NA,NA,,"మీ ప్రాంతం లో ఈ రోజు వాతావరణం మబ్బులుగా ఉంటుంది, జల్లులు  పడే అవకాశం ఉంది."
5065325,2025-07-25T09:27:42.393,TELANGANA,,Ghanpur(Station),NA,NA,NA,,,DOSAGE OF TOLFENPYRAD CHEMICAL  INFORMATION,RECOMMENDED TO SPRAY  Tolfenpyrad 15% EC(KEEFUN) 400ml/200 LITER OF WATER
5062514,2025-07-25T08:39:29.353,TELANGANA,NIRMAL,Bhainsa,,Fiber Crops,,,NA,Farmer asked query on Weather,మీ ప్రాంతములో వాతావరణం మబ్బులుగా ఉంటుంది. మోస్తరు వర్షాలు కురిసే అవకాశం ఉంది
5062462,2025-07-25T08:19:30.113,TELANGANA,NIRMAL,Tanur,,Oilseeds,NA,NA,,Farmer asked query on Weather,మీ ప్రాంతములో వాతావరణం మబ్బులుగా ఉంటుంది .జల్లులు నుండి మోస్తరు వర్షం పడే అవకాశం ఉంది
5066334,2025-07-25T07:56:11.643,TELANGANA,KAMAREDDY,Madnur,NA,NA,,,,FARMER ASKED QUERY ON WEED MANAGEMENT IN SOYBEAN,"RECOMMENDED TO  SPRAY: 
Whip Super Herbicide Technical Details
Technical Name: Fenoxaprop-p-ethyl 9% w/v EC
Dosage/Acre:444.4 GRAMS

స్ప్రే చేయడానికి సిఫార్సు చేయబడింది: 

విప్ సూపర్ హెర్బిసైడ్ సాంకేతిక వివరాలు

సాంకేతిక పేరు: ఫెనోక్సాప్రాప్-పి-ఇథైల్ 9% w/v EC

మోతాదు/ఎకరం: 444.4 గ్రాములు"
5062501,2025-07-25T07:52:28.64,TELANGANA,KAMAREDDY,Madnur,,Oilseeds,,NA,NA,Farmer asked query on Weather,"CLOUDY WEATHER, THERE IS A CHANCE OF SHOWERS IN YOUR AREA  
 మీ ప్రాంతములో వాతావరణం మబ్బులుగా ఉంటుంది.వర్షం  పడే అవకాశం ఉంది"
5062509,2025-07-25T07:38:21.457,TELANGANA,KAMAREDDY,Ramareddy,NA,Cereals,NA,,NA,Farmer asked query on Weather,మీ ప్రాంతములో వాతావరణం మబ్బులుగా ఉంటుంది .జల్లులు నుండి మోస్తరు వర్షం పడే అవకాశం ఉంది
5060111,2025-07-25T07:19:36.283,TELANGANA,KAMAREDDY,Domakonda,NA,NA,,,NA,INCOMPLETE CALL-CALL IS DISCONNECTED BY FARMER,INCOMPLETE CALL
5065716,2025-07-25T07:13:27.897,TELANGANA,KAMAREDDY,Domakonda,NA,NA,NA,NA,,SUCKING PEST IN RIDGE GOURD MANAGEMENT,RECOMMENDED TO SPRAY  FIPRONIL  +IMIDACLOPRID (POLICE) 100 GRAMS/200 LITRES OF WATER /ACRE
5016839,2025-07-24T18:15:06.51,TELANGANA,NIRMAL,Kuntala,10702,Cereals,262,,NA (Not Applicable),????? ????????,Test
5016838,2025-07-24T16:48:44.403,TELANGANA,NIRMAL,Kuntala,10702,Cereals,262,NA,,????? ????????,टेस्ट सुरेंद्र
5016836,2025-07-24T12:44:06.693,TELANGANA,NIRMAL,Kuntala,10702,Cereals,262,NA,Abiotic Stress Management,,Test
5016837,2025-07-24T01:04:03.903,TELANGANA,NIRMAL,Kuntala,10702,Cereals,262,,,Test AB,Test
5016662,2025-07-23T20:58:48.243,TELANGANA,KAMAREDDY,7989,AGRICULTURE,Oilseeds,Soybean (bhat),NA,Water Management,Farmer asked query on Weather,మీ ప్రాంతములో వాతావరణం మబ్బులుగా ఉంటుంది.జల్లులు పడే అవకాశం కలదు.
5015378,2025-07-23T18:40:12.647,TELANGANA,KAMAREDDY,5435,AGRICULTURE,Cereals,Paddy (Dhan),,Weed Management,Weed management in broadcasted paddy field,
5015376,2025-07-23T18:35:55.983,TELANGANA,WARANGAL,8018,AGRICULTURE,Cereals,Paddy (Dhan),,Nutrient Management,NUTRIENT MANAGEMENT IN PADDY?,RECOMMENDED TO APPLY CHELAMIN ZINC-Dosage: Soil Application. 500 gms
5015375,2025-07-23T18:32:26.947,,WARANGAL,8018,AGRICULTURE,Cereals,Paddy (Dhan),NA,Nutrient Management,FARMER ASKED QUERY ON SWARNAPHALL DOSAGE IN PADDY CROP?,Use of Swarnphall soil will eradicate saline conditions of the soil completely. Application: 5 to 10 Kg/acre
,2025-07-23T17:51:56.273,TELANGANA,KAMAREDDY,5437,AGRICULTURE,Oilseeds,Soybean (bhat),,Water Management,Farmer asked query on Weather,మీ ప్రాంతములో వాతావరణం మబ్బులుగా ఉంటుంది.జల్లులు పడే అవకాశం కలదు.
5014759,2025-07-23T17:46:29.56,TELANGANA,,5674,,Fiber Crops,Cotton (Kapas),NA,Plant Protection,CATERPILLAR MANAGEMENT IN COTTON?,"RECOMMENDED TO SPRAY MONOCROTOPHOS (NUVACRON) 400 ML /200 LITRES OF WATER /ACRE 
మోనోక్రోటోపాస్  400  మిల్లి లీటర్లు  /ఒక ఎకరాకు పిచికారి చేయాలి"
5014760,2025-07-23T17:44:13.69,TELANGANA,WARANGAL,5674,AGRICULTURE,Fiber Crops,Cotton (Kapas),,Nutrient Management,FARMER ASKED QUERY ON NUTRIENT MANAGEMENT IN COTTON,NPK 19-19-19  5 గ్రాములు లీటరు నీటికి కలిపి  పిచికారీ చేయండి (1KG PER ACRE.)+అగ్రోమింమాక్స్ ఎకరానికి 600 గ్రాములు 200 లీటర్ల నీటికి కలిపి పిచికారీ చేయాలి (3 GM / 1 LITER OF WATER)
5014754,2025-07-23T17:32:17.937,TELANGANA,NIRMAL,4681,AGRICULTURE,Oilseeds,Soybean (bhat),NA,Weed Management,soybean weed management ;-,కలుపు మందు పిచికారీ చేసిన తరవాత 7  రోజుల లోపు  మందు పనితనం చూపుతుంది .
5014068,2025-07-23T17:20:49.063,TELANGANA,KAMAREDDY,5437,AGRICULTURE,Oilseeds,Soybean (bhat),NA,Water Management,Farmer asked query on Weather,మీ ప్రాంతములో వాతావరణం మబ్బులుగా ఉంటుంది .జల్లులు నుండి మోస్తరు వర్షం పడే అవకాశం ఉంది
5014070,2025-07-23T17:09:30.46,TELANGANA,WARANGAL RURAL,5700,HORTICULTURE,Condiments and Spices,1979,NA,Cultural Practices,Weed management in turmeric,"RECOMMENDED TO SPRAY PROPAQUIZAFOP (AGIL) 250 ML/200 LITRES OF WATER /ACRE
ప్రోపక్విజఫాప్ (అజిల్) 250 మిల్లి లీటర్లు / 200 లీటర్ల నీటికి చొప్పున కలిపి ఒక ఎకరాకు పిచికారి చేయాలి"
5013813,2025-07-23T17:05:01.49,TELANGANA,NIRMAL,4681,AGRICULTURE,Oilseeds,Soybean (bhat),,Plant Protection,,"RECOMMENDED TO SPRAY NOVALURAN (REMON) 300 ML /200 LITRES OF WATER / ACRE  
నొవాల్యురాన్ (రెమోన్)  300 మిల్లి లీటర్లు  / 200 లీటర్ల నీటికి చొప్పున కలిపి ఎకరాకు పిచికారి చేయాలి
(OR)

క్లోరిపైరిఫాస్ 500 మి.లీ.  5 కిలోల తవుడు, అరకిలో బెల్లం సరిపడే నీటితో కలిపి చిన్న ఉండలుగా చేసి సాయంకాలం సమయంలో వెదజల్లాలి."
5013644,2025-07-23T17:01:36.563,TELANGANA,KAMAREDDY,null,AGRICULTURE,Oilseeds,Soybean (bhat),,,Fertilizer dose for soyabean,"Advised farmer to apply 30 kg urea and 15 kg potash per acre for soyabean
సోయాబీన్ కోసం ఎకరానికి 30 కిలోల యూరియా మరియు 15 కిలోల పొటాష్ వేయమని రైతుకు సలహా ఇచ్చారు."
5013814,2025-07-23T16:56:36.363,TELANGANA,NIRMAL,4681,AGRICULTURE,Oilseeds,,NA,Water Management,Farmer asked query on Weather,మీ ప్రాంతములో వాతావరణం మబ్బులుగా ఉంటుంది .జల్లులు నుండి మోస్తరు వర్షం పడే అవకాశం ఉంది
5013470,2025-07-23T16:45:07.913,TELANGANA,,null,AGRICULTURE,Oilseeds,Soybean (bhat),NA,Water Management,Farmer asked query on Weather,మీ ప్రాంతములో వాతావరణం మబ్బులుగా ఉంటుంది .జల్లులు నుండి మోస్తరు వర్షం పడే అవకాశం ఉంది
5013458,2025-07-23T16:35:56.363,TELANGANA,KAMAREDDY,5437,AGRICULTURE,Oilseeds,Soybean (bhat),NA,Water Management,Farmer asked query on Weather,మీ ప్రాంతములో వాతావరణం మబ్బులుగా ఉంటుంది .జల్లులు నుండి మోస్తరు వర్షం పడే అవకాశం ఉంది
5012976,2025-07-23T16:35:55.923,TELANGANA,WARANGAL RURAL,5696,AGRICULTURE,Fiber Crops,Cotton (Kapas),NA,,APHID CONTROL IN COTTON CROP,"RECOMMENDED TO SPRAY ACEPHATE (ARTHIN) 300 GRAMS/ 200 LITRES OF WATER / ACRE 
అసిపేట్ (ఆర్తిన్) 300 గ్రాములు / 200 లీటర్ల నీటికి కలిపి ఒక ఎకరాకు పిచికారి చేయాలి"
5012977,2025-07-23T16:32:29.3,TELANGANA,WARANGAL RURAL,5696,AGRICULTURE,,Others,NA,Weather,Farmer asked query on Weather,మీ ప్రాంతం లో వాతవర్ణం మబ్బులుగా ఉంటుంది. తెలిక పాటి నుండి మోస్తారు వర్షాలు పడే అవకాశం ఉంది.
5013467,2025-07-23T16:24:45.94,TELANGANA,KAMAREDDY,5429,AGRICULTURE,Millets,Maize (Makka),NA,Water Management,Farmer asked query on Weather,మీ ప్రాంతములో వాతావరణం మబ్బులుగా ఉంటుంది .జల్లులు నుండి మోస్తరు వర్షం పడే అవకాశం ఉంది
5012799,2025-07-23T16:03:56.97,TELANGANA,NIRMAL,4661,AGRICULTURE,Oilseeds,Soybean (bhat),NA,Nutrient Management,FARMER ASKED QUERY ON NUTRIENT MANAGEMENT IN SOYABEAN?,"RECOMMENDED TO SPRAY NPK 19-19-19 MIXTURE 5 GRAMS/ LITRE OF WATER 
NPK 19-19-19  5 గ్రాములు లీటరు నీటికి కలిపి  పిచికారీ చేయండి"
5012800,2025-07-23T16:01:36.017,TELANGANA,NIRMAL,4661,AGRICULTURE,Oilseeds,Soybean (bhat),NA,Weed Management,FARMER ASKED QUERY ON POST EMERGENCE WEED MANAGEMENT IN SOYABEAN?,"విత్తన 20, 25 రోజులప్పుడు గొర్రుతో అంతరకృషి చేయాలి"
5012798,,TELANGANA,NIRMAL,4661,AGRICULTURE,Others,Others,NA,Weather,Farmer asked query on Weather,మీ ప్రాంతములో వాతావరణం మబ్బులుగా ఉంటుంది .జల్లులు నుండి మోస్తరు వర్షం పడే అవకాశం ఉంది
5012802,2025-07-23T15:57:48.06,TELANGANA,KAMAREDDY,5429,AGRICULTURE,Oilseeds,Soybean (bhat),NA,Weather,Farmer asked query on Weather,మీ ప్రాంతం లో వాతవర్ణం మబ్బులుగా ఉంటుంది. తెలిక పాటి నుండి మోస్తారు వర్షాలు పడే అవకాశం ఉంది.
5012796,2025-07-23T15:50:16.827,TELANGANA,WARANGAL RURAL,5700,HORTICULTURE,Vegetables,Tomato,,Cultural Practices,POST EMERGENCE WEED MANAGEMENT IN TOMATO?,"ప్రోపక్విజఫాప్ (అజిల్) 250 మిల్లి లీటర్లు / 200 లీటర్ల నీటికి చొప్పున కలిపి ఒక ఎకరాకు పిచికారి చేయాలి
(OR)
మెట్రిబూజెన్ (టాటామెట్రి, శంకర్)  200-250  గ్రాములు/200 లీటర్ల నీటికి చొప్పున కలిపి ఒక ఎకరాకు పిచికారి చేయాలి"
5012792,2025-07-23T15:36:22.07,TELANGANA,KAMAREDDY,5437,AGRICULTURE,Oilseeds,Soybean (bhat),NA,Water Management,Farmer asked query on Weather,మీ ప్రాంతములో వాతావరణం మబ్బులుగా ఉంటుంది.జల్లులు పడే అవకాశం కలదు.
5012116,2025-07-23T15:21:12.543,TELANGANA,,5437,AGRICULTURE,Fiber Crops,Cotton (Kapas),NA,Water Management,Farmer asked query on Weather,మీ ప్రాంతములో వాతావరణం మబ్బులుగా ఉంటుంది. వర్షం  పడే అవకాశం   కలదు.
5012113,2025-07-23T15:05:24.06,TELANGANA,WARANGAL RURAL,5688,AGRICULTURE,Others,Others,,Weather,Farmer asked query on Weather,మీ ప్రాంతములో వాతావరణం మబ్బులుగా ఉంటుంది .జల్లులు నుండి మోస్తరు వర్షం పడే అవకాశం ఉంది
5012114,2025-07-23T15:05:04.53,TELANGANA,WARANGAL RURAL,5688,AGRICULTURE,Fiber Crops,Cotton (Kapas),NA,Water Management,Farmer asked query on Weather,మీ ప్రాంతములో వాతావరణం మబ్బులుగా ఉంటుంది. వర్షం  పడే అవకాశం   కలదు.
5012112,2025-07-23T14:49:22.503,TELANGANA,KAMAREDDY,,AGRICULTURE,Oilseeds,Soybean (bhat),,Water Management,Farmer asked query on Weather,మీ ప్రాంతములో వాతావరణం మబ్బులుగా ఉంటుంది .జల్లులు నుండి మోస్తరు వర్షం పడే అవకాశం ఉంది
,2025-07-23T14:17:49.683,TELANGANA,NIRMAL,4640,AGRICULTURE,Fiber Crops,Cotton (Kapas),NA,Water Management,Farmer asked query on Weather,మీ ప్రాంతములో వాతావరణం మబ్బులుగా ఉంటుంది .జల్లులు నుండి మోస్తరు వర్షం పడే అవకాశం ఉంది
5009683,2025-07-23T13:21:02.223,TELANGANA,WARANGAL RURAL,8001,AGRICULTURE,Others,,,Water Management,,మీ  ప్రాంతం లో ఈ రోజు  వర్షం పడే  అవకాశం కలదు.
5010349,2025-07-23T13:20:11.107,TELANGANA,WARANGAL RURAL,8001,AGRICULTURE,Fiber Crops,Cotton (Kapas),,,market rate of cotton,"The current market rate for cotton in Telangana varies by location, but generally ranges from ₹7,176 to ₹7,521 per quintal, with an average price around ₹7,351 per quintal, according to KisanDeals and Commodity Online."
5010348,2025-07-23T13:19:27.143,TELANGANA,WARANGAL RURAL,8001,AGRICULTURE,Millets,Maize (Makka),,Market Information,market rate of maize,"The current market rate for maize in Telangana varies, but it generally ranges from ₹2150 to ₹2425 per quintal"
5010181,2025-07-23T12:57:34.987,TELANGANA,NIRMAL,4675,AGRICULTURE,Others,Others,,Government Schemes,pm kisan samman nidhi installment issue,contact your mandal agriculture officer for more details-SARANGAPUR-8977751920
5009051,2025-07-23T12:07:25.77,TELANGANA,WARANGAL,5675,AGRICULTURE,Cereals,Paddy (Dhan),NA,Varieties,PADDY VARIETIES,"MTU-1010, JGL-24423, KNM-118, JGL18047"
5009050,2025-07-23T12:04:46.243,TELANGANA,WARANGAL,5675,AGRICULTURE,Cereals,Paddy (Dhan),NA,Fertilizer Use and Availability,FERTILIZER RECOMMENDATION IN PADDY,"RECOMMENDED TO APPLY DAP 50 KG/ACRE, POTASH 20 KG/ACRE"
5008888,2025-07-23T11:45:02.517,TELANGANA,WARANGAL,5674,,Others,Others,NA,Government Schemes,FARMER ASKED QUERY ABOUT FARMER ID REGISTRATION INFO,"--మండల వ్యవసాయ అధికారిని సంప్రదించండి.
	HASANPARTHY	A.O: 8977744969
	KHILA WARANGAL A.O: 8977756335"
5007576,2025-07-23T10:30:15.65,,NIRMAL,4681,HORTICULTURE,Condiments and Spices,1979,,"Water Management, Micro Irrigation",Farmer asked query on Weather,మీ ప్రాంతములో వాతావరణం మబ్బులుగా ఉంటుంది. వర్షం  పడే అవకాశం   కలదు.
5006932,2025-07-23T10:03:41.67,TELANGANA,WARANGAL RURAL,7939,AGRICULTURE,Others,Others,NA,Government Schemes,FARMER ASKED QUERY ON PM KISAN NEW REGISTRATION,PLEASE CONTACT YOUR MANDAL AGRICULTURE OFFICER FOR PM KISAN NEW REGISTRATION
5006933,2025-07-23T10:02:08.523,TELANGANA,WARANGAL RURAL,7939,AGRICULTURE,Others,Others,,Government Schemes,FARMER ASKED QUERY ON RELEASE OF 19th INSTALMENT OF  PM KISAN SAMMAN NIDHI?,"--
PM KISAN 20th INSTALLMENT WILL BE RELEASED BY THE GOVERNMENT OF INDIA IN JULY,, 2025"
5005639,2025-07-23T09:05:57.823,TELANGANA,WARANGAL,4997,AGRICULTURE,Fiber Crops,Cotton (Kapas),,Water Management,Farmer asked query on Weather,మీ  ప్రాంతం లో ఈ రోజు  వర్షం పడే  అవకాశం కలదు.
5005010,2025-07-23T08:07:25.813,TELANGANA,NIRMAL,4681,,Millets,Maize (Makka),NA,Water Management,Farmer asked query on Weather,మీ ప్రాంతములో వాతావరణం మబ్బులుగా ఉంటుంది. జల్లులు పడే అవకాశం కలదు.
5004585,2025-07-23T07:23:15.747,TELANGANA,WARANGAL,4997,AGRICULTURE,Cereals,,NA,,Farmer asked query on Weather,"CLOUDY WEATHER, THERE IS A CHANCE OF  SHOWERS IN YOUR AREA  
మీ ప్రాంతములో వాతావరణం మబ్బులుగా ఉంటుంది.వర్షం  పడే అవకాశం ఉంది."
5004393,2025-07-23T07:08:13.247,TELANGANA,WARANGAL RURAL,5700,AGRICULTURE,Cereals,Paddy (Dhan),NA,Weed Management,WEED MANAGEMENT IN PADDY POST EMERGENCE,సైహలోఫోప్ పి - బ్యూటైల్ (క్లించర్) 300  మిల్లి లీటర్లు / 200 లీటర్ల నీటికి చొప్పున కలిపి ఒక ఎకరాకు పిచికారి చేయాలి
5004394,2025-07-23T07:00:50.8,TELANGANA,WARANGAL RURAL,5700,AGRICULTURE,Cereals,Paddy (Dhan),NA,Weed Management,Farmer asked query on Weather,మీ ప్రాంతములో వాతావరణం మబ్బులుగా ఉంటుంది. వర్షం  పడే అవకాశం   కలదు.
5004352,2025-07-23T06:46:03.76,TELANGANA,NIRMAL,4640,AGRICULTURE,Others,Others,NA,Weather,Farmer asked query on Weather,మీ  ప్రాంతం లో ఈ రోజు  వర్షం పడే  అవకాశం కలదు.
5003635,2025-07-22T19:36:19.55,TELANGANA,NIRMAL,BHAINSA,AGRICULTURE,Fiber Crops,,,Water Management,Farmer asked query on Weather,మీ ప్రాంతములో వాతావరణం మబ్బులుగా ఉంటుంది.జల్లులు నుంచి  మోస్తరు వర్షాలు కురిసే అవకాశం ఉంది
5002973,2025-07-22T19:21:05.98,TELANGANA,WARANGAL,HANAMKONDA,AGRICULTURE,Cereals,Paddy (Dhan),,Weather,Farmer asked query on Weather,
5002315,2025-07-22T17:49:50.837,TELANGANA,WARANGAL RURAL,DUGGONDI,AGRICULTURE,Pulses,Green Gram (Moong Bean/ Moong),NA,Plant Protection,FARMER ASKED QUERY ABOUT APHID MANAGEMENT IN GREEN GRAM,"RECOMMENDED TO SPRAY ACETAMIPRID (PRIDE) 40 GRAMS  /200 LITRES OF WATER /ACRE 
అసిటామిప్రైడ్ (ప్రైడ్) 40 గ్రాములు   / 200 లీటర్ల నీటికి చొప్పున కలిపి ఒక ఎకరాకు పిచికారి చేయాలి("
5001672,2025-07-22T17:44:47.22,TELANGANA,WARANGAL RURAL,DUGGONDI,AGRICULTURE,Pulses,Green Gram (Moong Bean/ Moong),NA,Weed Management,FARMER ASKED QUERY ABOUT WEED MANAGEMENT IN GREENGRAM,హెర్బిసైడ్ స్ప్రే కంటే గ్రీన్‌గ్రామ్‌లోని ఈ దశలో చేతితో కలుపు తీయడం సిఫార్సు చేయబడింది.
5001679,2025-07-22T17:36:37.14,TELANGANA,WARANGAL RURAL,DUGGONDI,AGRICULTURE,Millets,Maize (Makka),,Plant Protection,maize stem borer management ;-,25-30 రోజుల పైరులో కార్బోప్యూరాన్ 3 జి గుళికలను ఎకరానికి 3 కిలోలు ఆకుల సుడులలో వేయాలి.
5001681,2025-07-22T17:18:55.53,TELANGANA,WARANGAL RURAL,NEKKONDA,AGRICULTURE,Fiber Crops,Cotton (Kapas),NA,Plant Protection,,"RECOMENDED TO SPRAY ACETAMIPRID(PRIDE)   40 GRAMS  /200 LITRES OF WATER /ACRE 
అసిటామిప్రైడ్   40 గ్రాములు   / 200 లీటర్ల నీటికి చొప్పున కలిపి ఒక ఎకరాకు పిచికారి చేయాలి ."
5001683,2025-07-22T17:05:46.25,TELANGANA,WARANGAL RURAL,NEKKONDA,AGRICULTURE,Cereals,Paddy (Dhan),NA,Weed Management,QUERY ON WEED MANAGEMENT IN PADDY,"RECOMMENDED TO USE PRETILACHLOR 500 ML PER ACRE
ప్రిటిలాక్లోర్ (రీఫిట్) 500  మిల్లి లీటర్లు  /20 కిలోల ఇసుకకు  కలిపి 1 ఎకరాలో చల్లుకోవాలి"
5001684,2025-07-22T17:05:07.45,TELANGANA,WARANGAL RURAL,NEKKONDA,AGRICULTURE,Cereals,Paddy (Dhan),,Fertilizer Use and Availability,QUERY ON FERTILIZER APPLICATION IN PADDY,RECOMMENDED TO APPLY 50 KG DAP + 25 - 30 KG UREA + 15 KG POTASH PER ACRE
5000998,2025-07-22T16:38:30.39,TELANGANA,WARANGAL,INAVOLU,AGRICULTURE,Fiber Crops,Cotton (Kapas),NA,Fertilizer Use and Availability,FARMER ASKED QUERY ABOUT FERTILIZER MANAGEMENT IN COTTON,"పై పాటుగా వేయు నత్రజని, పొటాష్ లను యూరియా మరియు మ్యూరేట్ ఆఫ్ పోటాష్ రూపంలో అందించాలి. ఎరకాకు రకాలకైతే ప్రతీసారి 25 కీలోల యూరియా మరియు 10 కిలోల మ్యూరేట్ ఆఫ్ పోటాష్ లను 3 సార్లు – 36,60,90 రోజులలో, హైబ్రిడ్లకయితే అదే మొతాదులో 20,40,60,80 రోజులకు అందించాలి."
5000999,2025-07-22T16:36:52.357,TELANGANA,WARANGAL,INAVOLU,AGRICULTURE,Fiber Crops,Cotton (Kapas),,Plant Protection,FARMER ASKED QUERY ABOUT SUCKING PEST MANAGEMENT IN COTTON,"RECOMMENDED TO SPRAY ACETAMIPRID (PRIDE) 40 GRAMS  /200 LITRES OF WATER /ACRE 
అసిటామిప్రైడ్ (ప్రైడ్) 40 గ్రాములు   / 200 లీటర్ల నీటికి చొప్పున కలిపి ఒక ఎకరాకు పిచికారి చేయాలి(Aphid,Jassid,Whitefly,Thrips,Bph) 

                                                                          OR

RECOMMENDED TO SPRAY IMIDACLOPRID (CONFIDOR) 60 ML /200 LITRES OF WATER / ACRE       
ఇమిడాక్లోప్రిడ్  60 మిల్లి లీటర్లు /200 లీటర్ల నీటికి చొప్పున కలిపి ఒక ఎకరాకు పిచికారి చేయాలి"
5001007,2025-07-22T16:30:12.87,TELANGANA,NIRMAL,KUBEER,AGRICULTURE,Oilseeds,Soybean (bhat),NA,Water Management,Farmer asked query on Weather,"A THUNDERSTORM IS LIKELY TO TAKE PLACE IN YOUR AREA
మీ  ప్రాంతంలో ఈరోజు  ఉరుములతో కూడిన వర్షం పడే అవకాశం కలదు."
5000355,2025-07-22T16:03:44.72,TELANGANA,WARANGAL RURAL,WARDHANNA PET,AGRICULTURE,Fiber Crops,Cotton (Kapas),NA,Water Management,Farmer asked query on Weather,మీ ప్రాంతములో వాతావరణం మబ్బులుగా ఉంటుంది.జల్లులు పడే అవకాశం కలదు.
4999705,2025-07-22T15:35:31.61,TELANGANA,NIRMAL,BHAINSA,AGRICULTURE,Cereals,Paddy (Dhan),,Cultural Practices,farmer asked query about on Transplanting time of paddy?,- సాధారణంగా 25 రోజుల వయస్సు గల  నారుని  నాటాలి.
4999706,2025-07-22T15:26:50.54,,NIRMAL,BHAINSA,HORTICULTURE,Vegetables,,NA,Cultural Practices,farmer asked query about on weed management in brinjal?,"నాటిన 25, 30 రోజులప్పడు గొర్రు లేదా గుంటకతో అంతరకృషి చేయాలి. పైపాటు ఎరువులు వేసే ప్రతిసారి గొప్పత్రవ్వి బోదెలు సరిచేస్తే పంట బాగా పెరుగుతుంది."
4997988,2025-07-22T13:55:33.253,TELANGANA,WARANGAL RURAL,SHAYAMPET,AGRICULTURE,Millets,Maize (Makka),,Market Information,FARMER ASKED QUERY ABOUT MARKET INFORMATION OF MAIZE?,"NAWABPET	MAIZE	Min Price 2,161	Modal Price 2,161	Max Price 2,161 PER QUINTAL"
4997989,2025-07-22T13:54:03.023,TELANGANA,WARANGAL RURAL,SHAYAMPET,AGRICULTURE,Fiber Crops,Cotton (Kapas),NA,Market Information,FARMER ASKED QUERY ABOUT MARKET INFORMATION OF COTTON?,"MAHABUBABAD	COTTON	Min Price 5,015	Modal Price 7,019	Max Price 7,037 PER QUINTAL"
4997990,2025-07-22T13:52:33.04,TELANGANA,WARANGAL RURAL,SHAYAMPET,AGRICULTURE,Others,Others,,,Farmer asked query on Weather,మీ ప్రాంతములో వాతావరణం మబ్బులుగా ఉంటుంది. జల్లులు నుండి మోస్తారు వర్షం  పడే అవకాశం ఉంది.
4998427,2025-07-22T13:44:57.043,TELANGANA,NIRMAL,SARANGAPUR,HORTICULTURE,Vegetables,Chillies,,Nutrient Management,FARMER ASKED QUERY ABOUT NUTRIENT MANAGEMENT IN CHILLI NURSERY ?,RECOMMENDED TO SPRAY POTASSIUM NITRATE 13-0-45 5 GRAMS/1 LITER OF WATER  పొటాషియం  నైట్రేట్  13-0-45  5 గ్రాములు లీటరు నీటికి కలిపి పిచికారీ చేయండి  + RECOMMENDED TO SPRAY AGROMINIMAX 3 GRAMS/ 1LITER OF WATER అగ్రోమింమాక్స్ 3 గ్రాములు 1 లీటర్ నీటికి కలిపి పిచికారీ చేయాలి
4998428,2025-07-22T13:43:23.16,TELANGANA,NIRMAL,SARANGAPUR,HORTICULTURE,Vegetables,Chillies,NA,Plant Protection,FARMER ASKED QUERY ABOUT DAMPING OFF AND LEAF SPOT PREVENTION IN  CHILLI NURSERY?,"RECOMMENDED TO DRENCH AND SPRAY  COPPER OXYCHLORIDE  (BLITOX) 3 GRAMS / 1 LITRE OF WATER  కాపర్ ఆక్సీక్లోరైడ్ 3 గ్రాములు / లీటర్ నీటిలో కలిపి మొక్క మొదల్ల దగ్గర పోయాలి AND 
నారుమడి మొత్తం తడిచే  లాగా కూడా  పిచికారి చేయండి"
4997163,2025-07-22T12:31:36.147,TELANGANA,NIRMAL,MUDHOLE,AGRICULTURE,Fiber Crops,Cotton (Kapas),NA,Water Management,Farmer asked query on Weather,మీ ప్రాంతములో వాతావరణం మబ్బులుగా ఉంటుంది.తేలిక పాటి నుండి ఒక మోస్తారుగా వర్షం పడే అవకాశం ఉంది.
4996531,2025-07-22T12:14:22.05,TELANGANA,NIRMAL,BHAINSA,,Oilseeds,Soybean (bhat),NA,Water Management,Farmer asked query on Weather,"మీ ప్రాంతం లో ఈ రోజు వాతావరణం మబ్బులుగా ఉంటుంది, జల్లులు  పడే అవకాశం ఉంది."
4995864,2025-07-22T11:34:52.197,TELANGANA,NIRMAL,KUBEER,AGRICULTURE,Oilseeds,Soybean (bhat),,Water Management,Farmer asked query on Weather,మీ  ప్రాంతం లో ఈ రోజు  వర్షం పడే  అవకాశం కలదు.
4995873,2025-07-22T11:21:46.957,TELANGANA,WARANGAL RURAL,SHAYAMPET,AGRICULTURE,Others,Others,NA,Government Schemes,FARMER ASKED QUERY ABOUT PM KISAN SAMMAN NIDHI SCHEME ELIGIBILITY?,"PM కిసాన్ మార్గదర్శకాల ప్రకారం, రైతు 2018 నుండి 2019 ఫిబ్రవరిలో పట్టా పాస్బుక్ వచ్చినవాళ్లకు మాత్రమే పీఎం కిసాన్ స్కీం వర్తించనుంది."
4994720,2025-07-22T11:09:05.28,TELANGANA,NIRMAL,BHAINSA,AGRICULTURE,Cereals,Paddy (Dhan),NA,Cultural Practices,Farmer asked query on Weather,"మీ ప్రాంతం లో ఈ రోజు వాతావరణం మబ్బులుగా ఉంటుంది, జల్లులు  పడే అవకాశం ఉంది."
4993885,2025-07-22T10:09:18.657,,WARANGAL RURAL,SANGAM,AGRICULTURE,Cereals,Paddy (Dhan),NA,Cultural Practices,Farmer asked query on Weather,"మీ ప్రాంతం లో ఈ రోజు వాతావరణం మబ్బులుగా ఉంటుంది, జల్లులు  పడే అవకాశం ఉంది."
4993894,2025-07-22T10:07:19.213,TELANGANA,NIRMAL,KUBEER,AGRICULTURE,Oilseeds,Soybean (bhat),,Water Management,Farmer asked query on Weather,మీ ప్రాంతములో వాతావరణం మబ్బులుగా ఉంటుంది.వర్షం  పడే అవకాశం ఉంది.
4993898,2025-07-22T09:54:43.163,TELANGANA,WARANGAL RURAL,NEKKONDA,,Fiber Crops,Cotton (Kapas),,Weed Management,FARMER ASKED QUERY ABOUT HOW MANY HOURS ARE  NEEDED  TO AVOID RAIN AFTER SPRAYING OF HERBICIDE IN COTTON ?,"కలుపు మందు పిచికారీ చేసిన 6 గంటల వరకు వర్షం పడకూడదు. 6 గంటలు కంటే ముందుగా వర్షం పడితే ఆ కలుపు మందు సరిగా పనిచేయదు, 6 గంటల తర్వాత వర్షం పడితే ఆ మందు  సమర్థవంతంగా పనిచేస్తుంది."
4993895,2025-07-22T09:53:25.553,,,NEKKONDA,AGRICULTURE,Fiber Crops,Cotton (Kapas),NA,Weed Management,Farmer asked query on Weather,"మీ ప్రాంతములో వాతావరణం మబ్బులుగా ఉంటుంది.తుంపర, జల్లులు, తేలిక పాటిగా వర్షం పడే అవకాశం ఉంది."
4993897,2025-07-22T09:52:51.35,TELANGANA,,NEKKONDA,,Fiber Crops,Cotton (Kapas),NA,Weed Management,Farmer asked query about uses and dosage of  Hakama Quizalofop Ethyl 5% EC Herbicide in cotton ?,"Descriptions

Technical Name: Quizalofop Ethyl 5% EC

Hakama Herbicide is a specialized post-emergence herbicide that effectively targets narrow leaf weeds in broadleaf crops. It provides robust control against tough perennial weeds with excellent translocation properties and rapid rain-fastness.

Mode of Action:

Selective herbicide that inhibits lipid synthesis, disrupting cell membrane formation in target weeds.

Benefits:

Effective control of narrow leaf weeds, including Echinochloa colonum and Eleusine indica.

Rapid action and rain-fasting within 1 hour of application.

Enhances crop health and yield by minimizing weed competition.

Crops: soybean, cotton, groundnut, onion, garlic, black and green gram, mentha (peppermint), vegetables, jute, oilseeds, turmeric, coriander, tea, and more.

Dosage:

Annual Grasses: Apply 300 - 400 ML Per Acre.(22.5-30 ml / 15 liters of water) 

Perennial Grasses: Apply 500 - 600 ML Per Acre.(37- 45 ML / 15 LITERS OF WATER )"
4993896,2025-07-22T09:43:04.473,TELANGANA,,NEKKONDA,AGRICULTURE,Fiber Crops,Cotton (Kapas),NA,Weed Management,FARMER ASKED QUERY ABOUT WEED MANAGEMENT IN COTTON ?,"విత్తిన 25 నుండి 30 రోజులప్పుడు  గడ్డిజాతి కలుపు మొక్కల నివారణకు :
RECOMMENDED TO SPRAY QUIZALOFOP-P-ETHYL (TARGA SUPER) 400 ML/200 LITRES OF WATER
క్విజలోఫాప్-పి -ఇథైల్(టర్గా సూపర్) 400  మిల్లి లీటర్లు /200 లీటర్ల నీటికి చొప్పున కలిపి ఒక ఎకరాకు పిచికారి చేయాలి
OR
విత్తిన 25 నుండి 30 రోజులప్పుడు  వెడల్పాకు  కలుపు మొక్కల నివారణకు :
RECOMMENDED TO SPRAY PYRITHIOBAC SODIUM (HEET WEED/THEAM) 250 ML /200 LITRES OF WATER PER ACRE
పైరిథయోబాక్ సోడియం (హిట్ వీడ్ , థీమ్ ) 250 మిల్లి లీటర్లు /200 లీటర్ల నీటికి చొప్పున కలిపి ఒక ఎకరాకు పిచికారి చేయాలి
OR
విత్తిన 25 నుండి 30 రోజులప్పుడు  గడ్డిజాతి కలుపు  & వెడల్పాకు  కలుపు మొక్కల నివారణకు :
Recommended to spray Pyrithiobac Sodium 6% + Quizalofop ethyl 4% MEC(Godrej - Hitweed Maxx) 250 to 300 ml per acre / 200 litres of water ( cotton – 300 to 450 ml / acre / 200 litres of water)
Early Post-Emergence and Selective Herbicide
•	Broad-Spectrum Protection: Godrej Hitweed Maxx is a broad-spectrum herbicide that protects crops from narrow and broad-leaf weeds."
4993234,2025-07-22T08:56:38.047,TELANGANA,NIRMAL,KUNTALA,AGRICULTURE,Fiber Crops,Cotton (Kapas),,Nutrient Management,FARMER ASKED QUERY ABOUT NUTRIENT MANAGEMENT IN COTTON ?,RECOMMENDED TO SPRAY POTASSIUM NITRATE 13-0-45 5 GRAMS/1 LITER OF WATER (1KG/ACRE/200 LITERS OF WATER)పొటాషియం  నైట్రేట్  13-0-45  5 గ్రాములు లీటరు నీటికి కలిపి  పిచికారీ చేయండి (కేజీ/ఎకరానికి)  +RECOMMENDED TO SPRAY BORAX  3 GRAMS /1 LITER OF WATER(600 GRAMS/200 LITRES OF WATER /ACRE)        బోరాక్స్ 3 గ్రాములు లీటరు నీటికి కలిపి  పిచికారీ చేయండి (600 గ్రాములు /ఎకరానికి)
4992593,,TELANGANA,NIRMAL,KUNTALA,AGRICULTURE,Fiber Crops,Cotton (Kapas),NA,Plant Protection,FARMER ASKED QUERY ABOUT THRIPS AND APHID MANAGEMENT IN COTTON ?,"RECOMMENDED TO SPRAY THIAMETHOXAM (ACTARA) 40 GRAMS /200 LITRES OF WATER / ACRE - WHITEFLY
థయోమిథాక్జొమ్ (అక్టారా) 40 గ్రాములు / 200 లీటర్ల నీటికి చొప్పున కలిపి ఒక ఎకరాకు పిచికారి చేయాలి 
OR

RECOMMENDED TO SPRAY DIFENTHIURON (PEGASUS) 240 GM /200 LITRES OF WATER /ACRE 
డిఫెంతియూరోన్ (పెగాసస్) 240 గ్రాములు /200 లీటరు నీటికి కలిపి ఎకరానికి పిచికారీ చేయాలి"
4992592,2025-07-22T08:53:51.623,TELANGANA,,KUNTALA,AGRICULTURE,Others,Others,NA,Government Schemes,FARMER ASKED QUERY ON RELEASE DATE OF 20th INSTALMENT OF  PM KISAN SAMMAN NIDHI?,"Honourable Prime Minister will release the 20th Installment of PM KISAN scheme may be in july month 2025.
గౌరవనీయులైన ప్రధాన మంత్రి PM కిసాన్ పథకం యొక్క 20వ విడతను   జులై నెలలో  2025న విడుదల చేస్తారు.
 ఇంకా అధికారికంగా ప్రకటించలేదు"
4992591,2025-07-22T08:27:11.893,TELANGANA,WARANGAL RURAL,SANGAM,AGRICULTURE,,Green Gram (Moong Bean/ Moong),NA,Plant Protection,borer and sucking pest management in green gram,మోనోక్రోటోపాస్ (నువక్రోన్) 400  మిల్లి లీటర్లు  /200 లీటర్ల నీటికి చొప్పున కలిపి ఒక ఎకరాకు పిచికారి చేయాలి
4991976,2025-07-22T08:11:53.483,TELANGANA,WARANGAL RURAL,GEESUGONDA,AGRICULTURE,,,NA,Weed Management,FARMER ASKED QUERY ABOUT HOW MANY HOURS ARE  NEEDED  TO AVOID RAIN AFTER SPRAYING OF HERBICIDE MAIZE  ?,"కలుపు మందు పిచికారీ చేసిన 6 గంటల వరకు వర్షం పడకూడదు. 6 గంటలు కంటే ముందుగా వర్షం పడితే ఆ కలుపు మందు సరిగా పనిచేయదు, 6 గంటల తర్వాత వర్షం పడితే ఆ మందు  సమర్థవంతంగా పనిచేస్తుంది."
4991507,2025-07-22T07:23:37.173,TELANGANA,NIRMAL,SARANGAPUR,AGRICULTURE,Fiber Crops,Cotton (Kapas),NA,,FARMER ASKED QUERY ABOUT FERTILIZER MANAGEMENT IN COTTON?,"ఎకరకు ప్రతీసారి 25 కీలోల యూరియా మరియు 10 కిలోల మ్యూరేట్ ఆఫ్ పోటాష్ లను 4 సార్లు –  అదే మొతాదులో 20,40,60,80 రోజులకు అందించాలి."
4991506,2025-07-22T07:21:35.08,TELANGANA,,,AGRICULTURE,Fiber Crops,Cotton (Kapas),NA,Plant Protection,FARMER ASKED QUERY ABOUT APHIDS MANAGEMENT IN COTTON,"RECOMMENDED TO SPRAY IMIDACLOPRID (CONFIDOR) 60 ML /200 LITRES OF WATER / ACRE       
ఇమిడాక్లోప్రిడ్  60 మిల్లి లీటర్లు /200 లీటర్ల నీటికి చొప్పున కలిపి ఒక ఎకరాకు పిచికారి చేయాలి"
4991505,2025-07-22T07:20:13.35,TELANGANA,NIRMAL,SARANGAPUR,AGRICULTURE,Fiber Crops,Cotton (Kapas),,Nutrient Management,FARMER ASKED QUERY ABOUT NUTRIENT MANAGEMENT IN COTTON?,"RECOMMENDED TO SPRAY NPK 19-19-19 MIXTURE 5 GRAMS/ LITRE OF WATER 
NPK 19-19-19  5 గ్రాములు లీటరు నీటికి కలిపి  పిచికారీ చేయండి"
4991504,2025-07-22T07:19:36.49,TELANGANA,NIRMAL,SARANGAPUR,AGRICULTURE,Fiber Crops,,NA,Plant Protection,FARMER ASKED QUERY ABOUT APHIDS MANAGEMENT IN COTTON?,"RECOMMENDED TO SPRAY THIAMETHOXAM (ACTARA) 
40 GRAMS /200 LITRES OF WATER / ACRE - WHITEFLY
థయోమిథాక్జొమ్ (అక్టారా) 40 గ్రాములు / 200 లీటర్ల నీటికి చొప్పున కలిపి ఒక ఎకరాకు పిచికారి చేయాలి"
4991289,2025-07-22T06:52:39.96,TELANGANA,NIRMAL,SARANGAPUR,AGRICULTURE,Cereals,Paddy (Dhan),NA,Nutrient Management,ferrous deficiency on paddy,ఫెర్రస్ సల్ఫేట్ (అన్నభేది) 20 గ్రాములు + నిమ్మ ఉప్పు 2 గ్రాములు  / లీటర్ నీటిలో కలిపి పిచికారీ చేయాలి and NPK 19-19-19  5 గ్రాములు లీటరు నీటికి కలిపి  పిచికారీ చేయండి
4990630,2025-07-21T20:25:02.443,,NIRMAL,BHAINSA,AGRICULTURE,Oilseeds,Soybean (bhat),,Plant Protection,SOYBEAN STEM FLY MANAGEMENT ;-,RECOMMENDED TO SPRAY  CHLORPYRIFOS 500 ML +  DICHLORVOS 200 ML /200 LITRES OF WATER / ACRE
4990620,2025-07-21T20:24:21.917,TELANGANA,WARANGAL RURAL,WARDHANNA PET,AGRICULTURE,Cereals,Paddy (Dhan),NA,Fertilizer Use and Availability,Fertilizer management in paddy nursery,"Advised farmer to apply 2 kg urea per acre nursery of paddy
ఎకరం నీకి సరిపోయే నారుమడికి 2 కిలోల యూరియా వెయ్యమని సలహా ఇవ్వదమైనది"
4990629,2025-07-21T20:20:55.383,TELANGANA,NIRMAL,BHAINSA,AGRICULTURE,Oilseeds,Soybean (bhat),,Water Management,Farmer asked query on Weather,మీ ప్రాంతములో వాతావరణం మబ్బులుగా ఉంటుంది. వర్షం  పడే అవకాశం   కలదు.
4990621,2025-07-21T20:19:33.607,TELANGANA,WARANGAL RURAL,WARDHANNA PET,AGRICULTURE,Fiber Crops,Cotton (Kapas),NA,Water Management,Weather report for water management in cotton,"There is a chance of light to moderate rains in your area
మీ ప్రాంతంలో తేలికపాటి నుండి మోస్తరు వర్షాలు కురిసే అవకాశం ఉంది"
4990628,2025-07-21T20:16:16.073,TELANGANA,NIRMAL,BHAINSA,AGRICULTURE,Oilseeds,Soybean (bhat),,Plant Protection,FARMER ASKED QUERY ON Girdle beetle MANAGEMENT IN SOYABEAN,"RECOMMENDED TO SPRAY QUINALPHOS (SYNGENTA- EKALUX) 400 ML PER ACRE WITH 200 LIT OF  WATER
క్వినాలోఫాస్( సిన్జేన్ట- ఏకలక్స్) 400 మీ.లి  / 200 లీటర్ల నీటికి చొప్పున కలిపి ఒక ఎకరాకు పిచికారి చేయాలి"
4989337,,TELANGANA,WARANGAL RURAL,ATHMAKUR,AGRICULTURE,Cereals,Paddy (Dhan),NA,Government Schemes,PM KISAN new registration,"As the farmer applied for PM KISAN after Feb 1st, 2019, so not getting installments
ఫిబ్రవరి 1, 2019 తర్వాత రైతు PM కిసాన్ కోసం దరఖాస్తు చేసుకున్నందున, వాయిదాలు అందడం లేదు."
4989329,2025-07-21T18:37:39.22,TELANGANA,WARANGAL RURAL,DUGGONDI,AGRICULTURE,Cereals,Paddy (Dhan),NA,Weed Management,FARMER ASKED QUERY ABOUT WEED MANAGEMENT IN PADDY,"కలుపు యాజమాన్యం: ఎకరాకు ప్రెటిలాక్లోర్ సేఫ్నర్ మందును 600-800 మి.లీ. విత్తిన 3-5 రోజులలోపు లేదా పైరాజోసల్ఫ్యూరాన్ ఈథైల్ 80-100 గ్రా. లేదా బ్యూటాక్లోర్ 1-1.5 లీ. లేదా ప్రెటిలాక్లోర్ 500 మి.లీ. లేదా అక్సాయార్జిల్ మందును 35-45 గ్రా. 8-10 రోజులలో ఇసుకలో కలిపి చల్లాలి.

ఎకరాకు సైహలోఫాస్ పి బ్యూటైల్ 300 మి.లీ. (ఊద, ఒడిపిలి) లేదా ఫినాక్స్ ప్రాప్ పి ఈధైల్ 250-300 మి.లీ. విత్తివ 15 రోజులకు లేదా బిస్పైరిబాక్ సోడియం 100 మి.లీ. విత్తిన 20 రోజులకు 200 లీటర్ల నీటిలో కలిపి పిచికారి చేయాలి. బిస్పైరిబాక్ సోడియం వెడల్పాకు గడ్డి జాతిని కూడా అరికట్టును. వెడల్పాకు కలుపు నివారణకు 2,4-డి సోడియం సాల్ట్ 600 గ్రా. విత్తిన 25-30 రోజులకు పిచికారి చేయాలి. పంట దశను, కలుపు రకాన్ని బట్టి కలుపు మందును ఎంచుకోవాలి."
4988679,2025-07-21T18:03:43.697,TELANGANA,NIRMAL,BHAINSA,AGRICULTURE,Fiber Crops,Cotton (Kapas),,Fertilizer Use and Availability,FARMER ASKED QUERY ABOUT FERTILIZER MANAGEMENT IN COTTON,"పై పాటుగా వేయు నత్రజని, పొటాష్ లను యూరియా మరియు మ్యూరేట్ ఆఫ్ పోటాష్ రూపంలో అందించాలి. ఎరకాకు రకాలకైతే ప్రతీసారి 25 కీలోల యూరియా మరియు 10 కిలోల మ్యూరేట్ ఆఫ్ పోటాష్ లను 3 సార్లు – 36,60,90 రోజులలో, హైబ్రిడ్లకయితే అదే మొతాదులో 20,40,60,80 రోజులకు అందించాలి."
4987395,2025-07-21T16:55:29.063,TELANGANA,NIRMAL,TANUR,AGRICULTURE,Fiber Crops,Cotton (Kapas),NA,Weather,Farmer asked query on Weather,మీ ప్రాంతములో వాతావరణం మబ్బులుగా ఉంటుంది .జల్లులు పడే అవకాశం ఉంది
4987402,2025-07-21T16:26:27.153,TELANGANA,NIRMAL,KUBEER,AGRICULTURE,Fiber Crops,Cotton (Kapas),NA,Water Management,Farmer asked query on Weather,మీ ప్రాంతంలో వాతావరణం మబ్బులుగా ఉంటుంది. జల్లులు పడే అవకాశం ఉంది.
4986767,2025-07-21T16:18:18.41,TELANGANA,NIRMAL,TANUR,AGRICULTURE,Oilseeds,Soybean (bhat),NA,Water Management,Farmer asked query on Weather,మీ ప్రాంతములో వాతావరణం మబ్బులుగా ఉంటుంది.జల్లులు పడే అవకాశం కలదు.
4986102,2025-07-21T15:08:18.613,TELANGANA,NIRMAL,TANUR,AGRICULTURE,Oilseeds,Soybean (bhat),NA,Nutrient Management,SOYABEAN   NUTRIENT  MANAGEMENT ;-,పొటాషియం  నైట్రేట్  13-0-45 @ 5 గ్రాములు +  అగ్రోమిం మాక్స్ @ 3 గ్రాములు లీటరు నీటికి లలిపి  పిచికారీ చేయండి.
4985480,2025-07-21T15:04:31.22,TELANGANA,,,AGRICULTURE,Oilseeds,Soybean (bhat),,Water Management,Farmer asked query on Weather,మీ ప్రాంతములో వాతావరణం మబ్బులుగా ఉంటుంది.జల్లులు పడే అవకాశం కలదు.
4985477,2025-07-21T14:54:29.307,TELANGANA,NIRMAL,TANUR,AGRICULTURE,Fiber Crops,Cotton (Kapas),,Weather,Farmer asked query on Weather,మీ ప్రాంతములో వాతావరణం మబ్బులుగా ఉంటుంది .జల్లులు పడే అవకాశం ఉంది
4985479,2025-07-21T14:41:56.263,TELANGANA,NIRMAL,,AGRICULTURE,,Soybean (bhat),NA,,,"CLOUDY WEATHER, THERE IS A CHANCE OF SHOWERS IN YOUR AREA 
మీ ప్రాంతములో వాతావరణం మబ్బులుగా ఉంటుంది.జల్లులు పడే అవకాశం ఉంది."
4984812,2025-07-21T14:26:34.773,TELANGANA,NIRMAL,KUBEER,AGRICULTURE,Fiber Crops,Cotton (Kapas),NA,Weather,Farmer asked query on Weather,"CLOUDY WEATHER, THERE IS A CHANCE OF  SHOWERS IN YOUR AREA  
మీ ప్రాంతములో వాతావరణం మబ్బులుగా ఉంటుంది.జల్లులు పడే అవకాశం ఉంది."
4984295,2025-07-21T13:54:04.473,TELANGANA,NIRMAL,BHAINSA,AGRICULTURE,Oilseeds,Soybean (bhat),NA,Water Management,Farmer asked query on Weather,"మీ ప్రాంతం లో ఈ రోజు వాతావరణం మబ్బులుగా ఉంటుంది, జల్లులు  పడే అవకాశం ఉంది."
4984146,2025-07-21T13:42:59.297,TELANGANA,NIRMAL,TANUR,AGRICULTURE,,Cotton (Kapas),NA,Water Management,Farmer asked query on Weather,మీ ప్రాంతములో వాతావరణం మబ్బులుగా ఉంటుంది.
4984152,2025-07-21T13:36:36.587,TELANGANA,WARANGAL,BHEEMDEVARAPALLI,AGRICULTURE,Cereals,Paddy (Dhan),NA,Fertilizer Use and Availability,Farmer asked query on Weather,మీ ప్రాంతములో వాతావరణం మబ్బులుగా ఉంటుంది.వర్షం  పడే అవకాశం ఉంది
4982201,2025-07-21T11:47:23.84,TELANGANA,WARANGAL RURAL,PARVATHAGIRI,AGRICULTURE,Fiber Crops,Cotton (Kapas),NA,Water Management,Farmer asked query on Weather,మీ ప్రాంతములో వాతావరణం మబ్బులుగా ఉంటుంది.
4980422,2025-07-21T11:09:20.567,TELANGANA,WARANGAL RURAL,PARKAL,AGRICULTURE,Others,Others,NA,Weather,,మీ ప్రాంతములో వాతావరణం మబ్బులుగా ఉంటుంది. వర్షం  పడే అవకాశం   కలదు.
4980892,2025-07-21T11:08:58.443,TELANGANA,WARANGAL RURAL,SANGAM,AGRICULTURE,Others,Others,NA,Weather,Farmer asked query on Weather,మీ ప్రాంతములో వాతావరణం మబ్బులుగా ఉంటుంది. వర్షం  పడే అవకాశం   కలదు.
4980900,2025-07-21T11:03:26.86,TELANGANA,WARANGAL RURAL,SHYAMPET,HORTICULTURE,Condiments and Spices,Turmeric,NA,Cultural Practices,FARMER ASKED QUERY ON WEED MANAGEMENT IN TERMERIC,గుడ్డిజాతి మొక్కలు ఎక్కువగా ఉంటే వాటి నిర్మూలనకు ఎకరానికి 400 మీ.లీ. క్వినాల్ఫాస్ ఇథైల్ మందును 200 లీటర్ల నీటిలో కలిపి పిచికారి చేయాలి
4980905,2025-07-21T10:49:27.65,TELANGANA,WARANGAL RURAL,PARVATHAGIRI,AGRICULTURE,Cereals,Paddy (Dhan),NA,Plant Protection,Farmer asked query on Weather,మీ ప్రాంతములో వాతావరణం మబ్బులుగా ఉంటుంది. వర్షం  పడే అవకాశం   కలదు.
4979789,2025-07-21T10:23:26.473,TELANGANA,WARANGAL RURAL,,AGRICULTURE,Cereals,Paddy (Dhan),,Cultural Practices,Farmer asked query on Weather,మీ ప్రాంతములో వాతావరణం మబ్బులుగా ఉంటుంది. వర్షం  పడే అవకాశం   కలదు.
4980271,2025-07-21T10:12:45.95,TELANGANA,WARANGAL,WARANGAL,AGRICULTURE,Cereals,Paddy (Dhan),NA,Nutrient Management,FARMER ASKED QUERY ON ZINC DEFICIENCY MANAGEMENT IN PADDY NURSERY,"RECOMMENDED TO SPRAY ZINC SULPHATE 2 GRAM /1 LITER OF WATER. (400GRS /ACRE/ 200 LITS OF WATER)
జింక్ సల్ఫేట్  2 గ్రాములు  / లీటర్ నీటిలో కలిపి పిచికారీ చేయాలి"
4980270,2025-07-21T10:11:33.03,TELANGANA,WARANGAL,WARANGAL,AGRICULTURE,Cereals,Paddy (Dhan),NA,Weed Management,FARMER ASKED QUERY ON WEED MANAGEMENT IN PADDY NURSERY,"నారుమడిలో ఊద, ఒడిపిలి వంటి గడ్డి జాతి కలుపు ఉన్నట్లయితే విత్తిన 15-20 రోజులకు సైహలోఫాప్-పి-బ్యుటైల్ అనే కలుపు మందును 1.5 మి.లీ. లీటరు నీటికి కలిపి పిచికారి చేసుకోవాలి."
4979019,2025-07-21T09:26:03.283,TELANGANA,WARANGAL RURAL,NALLA BELLI,HORTICULTURE,Fruits,Acid Lime,,Nutrient Management,QUERY ON NUTRIENT MANAGEMENT IN ACID LIME,19-19-19 @ 5 గ్రాములు +  అగ్రోమిం మాక్స్ @ 3 గ్రాములు లీటరు నీటికి కలిపి పిచికారీ చేయండి.
4979020,,TELANGANA,WARANGAL RURAL,NALLA BELLI,HORTICULTURE,,Acid Lime,NA,Fertilizer Use and Availability,QUERY ON FERTILIZER APPLICATION IN LIME,RECOMMENDED TO APPLY 600 GM UREA + 500 GM SSP + 150 GM POTASH PER PLANT
,2025-07-21T09:23:46.28,TELANGANA,WARANGAL RURAL,NALLA BELLI,HORTICULTURE,Fruits,Acid Lime,NA,Plant Protection,QUERY ON LEAF EATING CATERPILLAR MAAGEMENT IN ACID LIME,"RECOMMENDED TO SPRAY NOVALURON 5.25% + EMAMECTIN BENZOATE 0.9% (BARAZIDE,  GUNTHER ) 320ML/200 LITER OF WATER/ACRE (32 ML IN 20 LITER OF WATER)
నోవాల్యూరాన్ 5.25% + ఏమామెక్టిన్  బెంజోయిట్ 0.9% (బరజైడ్ ,  గుంతర్) 320 మిల్లి లీటర్లు   /200 లీటర్ల నీటికి చొప్పున కలిపి ఒక ఎకరాకు పిచికారి చేయాలి 

OR

RECOMMENDED TO SPRAY EMAMECTIN BENZOATE  (PROCLAIM) 90 GRAMS /200 LITRES OF WATER / ACRE (9 GM IN 20 LITER OF WATER)  
ఎమామెక్టిన్  బెంజోయేట్  90 గ్రాములు   /200 లీటర్ల నీటికి చొప్పున కలిపి  ఒక ఎకరాకు పిచికారి చేయాలి."
4979023,2025-07-21T09:00:52.507,TELANGANA,WARANGAL RURAL,PARVATHAGIRI,AGRICULTURE,Others,Others,NA,Government Schemes,QUERY ON PMKISAN SAMMAN NIDHI YOJANA,Warangal	 - Shreya - AO(Technical) - 7288894709
4978367,2025-07-21T08:51:05.07,TELANGANA,WARANGAL RURAL,NARASARAOPETA,AGRICULTURE,Millets,Maize (Makka),NA,Water Management,Farmer asked query on Weather,మీ ప్రాంతములో వాతావరణం మబ్బులుగా ఉంటుంది. వర్షం  పడే అవకాశం   కలదు.
4978375,2025-07-21T08:46:32.69,TELANGANA,WARANGAL,HANAMKONDA,AGRICULTURE,Cereals,Paddy (Dhan),NA,Fertilizer Use and Availability,FERTILIZER RECOMMENDATION IN PADDY,"RECOMMENDED TO APPLY DAP 50 KG/ACRE, POTASH 20 KG /ACRE, UREA 33 KG/ACRE"
4978374,2025-07-21T08:44:31.773,TELANGANA,WARANGAL,HANAMKONDA,,Fiber Crops,Cotton (Kapas),,Water Management,Farmer asked query on Weather,మీ ప్రాంతములో వాతావరణం మబ్బులుగా ఉంటుంది.
4973840,2025-07-20T21:22:19.55,TELANGANA,WARANGAL RURAL,PARKAL,ANIMAL HUSBANDRY,Animal,Dog,,Disease Management,Mobile Veterinary Clinic Ambulance Services | Toll Free,Mobile Veterinary Clinic Ambulance Services | Toll Free No 1962
4973702,2025-07-20T20:34:13.847,TELANGANA,WARANGAL,DHARMASAGAR,AGRICULTURE,Cereals,Paddy (Dhan),,Cultural Practices,Characters and sowing time of MTU-1271,"MTU-1271 paddy variety is having 140 days duration with 40 to 45 quintals per acre of yield
MTU-1271 వరి రకం 140 రోజుల వ్యవధిని కలిగి ఉంది, ఎకరానికి 40 నుండి 45 క్వింటాళ్ల దిగుబడిని ఇస్తుంది."
4973838,2025-07-20T19:45:08.47,TELANGANA,WARANGAL,KAMALAPUR,AGRICULTURE,Others,Others,NA,Government Schemes,PM KISAN CREDIT CARD INFORMATION ;-,CONTACT TO BANK MANAGER
4973661,2025-07-20T18:33:47.81,TELANGANA,WARANGAL RURAL,SANGAM,AGRICULTURE,Cereals,Paddy (Dhan),NA,Sowing Time and Weather,FARMER ASKED QUERY ABOUT SOWING TIME  OF RNR 15048 PADDY,"ఆలస్యంగా నారు పోసుకొనుటకు (చిన్న చెరువులు, నీరు తక్కువగా వున్న చోట) నార్లు పోయడానికి జులై చివరి వరకు సమయము.	స్వల్పకాలిక రకాలు వేసుకోవచ్చు"
,2025-07-20T18:29:32.39,TELANGANA,WARANGAL RURAL,,HORTICULTURE,Condiments and Spices,Turmeric,NA,Cultural Practices,FARMER ASKED QUERY ABOUT WEED MANAGEMENT IN TURMERIC,పసుపులో ఈ దశలో హెర్బిసైడ్ వాడకం కంటే చేతి కలుపు తీయడం మంచిది.
4973845,2025-07-20T17:56:17.257,TELANGANA,WARANGAL RURAL,NEKKONDA,AGRICULTURE,Pulses,Green Gram (Moong Bean/ Moong),NA,Fertilizer Use and Availability,FERTILIZER MANAGEMENT IN GREEN GRAM,RECOMMENDED FERTILIZER IN GREEN GRAM 45 KG OF UREA /ACRE
4973743,2025-07-20T17:21:40.13,TELANGANA,WARANGAL RURAL,PARVATHAGIRI,AGRICULTURE,Fiber Crops,Cotton (Kapas),NA,Weather,Farmer asked query on Weather,మీ ప్రాంతములో వాతావరణం మబ్బులుగా ఉంటుంది .జల్లులు నుండి మోస్తరు వర్షం పడే అవకాశం ఉంది
4964140,2025-07-20T17:10:42.723,TELANGANA,WARANGAL RURAL,NEKKONDA,AGRICULTURE,Cereals,Paddy (Dhan),NA,Weather,Farmer asked query on Weather,మీ ప్రాంతములో వాతావరణం మబ్బులుగా ఉంటుంది .జల్లులు నుండి మోస్తరు వర్షం పడే అవకాశం ఉంది
4973583,2025-07-20T16:49:52.953,TELANGANA,WARANGAL RURAL,SANGAM,AGRICULTURE,Oilseeds,Niger (Ramtil),NA,Seeds,FARMER ASKED QUERY ABOUT SEED AVAILABILITY OF NIGER,"RECOMMENDED TO CONTACT REGIONAL AGRICULTURAL RESEARCH STATION ,PALEM 7207240582,08540228646
ప్రాంతీయ వ్యవసాయ పరిశోధనా కేంద్రం, పాలెం 7207240582,08540228646 ని సంప్రదించమని సిఫార్సు చేయబడింది"
4973830,2025-07-20T16:11:08.35,TELANGANA,WARANGAL,BHEEMDEVARAPALLI,AGRICULTURE,Others,Others,NA,Government Schemes,CROP LOAN  PROBLEM ;-,CONTACT TO MAO AND COLLECTOR OFFICE
4973674,2025-07-20T15:47:36.2,TELANGANA,WARANGAL RURAL,NEKKONDA,AGRICULTURE,Millets,Maize (Makka),NA,Nutrient Management,NUTRIENT MANAGEMENT IN MAIZE,"RECOMMENDED TO SPRAY NPK 19-19-19 MIXTURE 5 GRAMS/ LITRE OF WATER 
NPK 19-19-19  5 గ్రాములు లీటరు నీటికి కలిపి  పిచికారీ చేయండి"
4964126,2025-07-20T14:19:19.52,TELANGANA,WARANGAL RURAL,SANGAM,AGRICULTURE,Fiber Crops,Cotton (Kapas),NA,Weather,Farmer asked query on Weather,మీ ప్రాంతములో వాతావరణం మబ్బులుగా ఉంటుంది .జల్లులు నుండి మోస్తరు వర్షం పడే అవకాశం ఉంది
4973738,2025-07-20T13:45:20.16,TELANGANA,WARANGAL RURAL,PARVATHAGIRI,AGRICULTURE,Others,Others,,Government Schemes,FARMER ASKED QUERY ON FARMER ID REGISTRATION,"PLEASE CONTACT YOUR  A.E.O FOR FARMER ID REGISTRATION 
రైతు గుర్తింపు నమోదు కోసం దయచేసి మీ A.E.O ని సంప్రదించండి."
4973737,2025-07-20T13:44:00.86,TELANGANA,WARANGAL RURAL,PARVATHAGIRI,AGRICULTURE,Others,Others,,Government Schemes,FARMER ASKED QUERY ON PM KISAN INSTALLMENT REALTED ISSUE,"PLEASE CONTACT TO US WHEN YOU HAVE YOUR REGISTERED MOBILE NUMBER WITH YOU 
మీ రిజిస్టర్డ్ మొబైల్ నంబర్ మీ దగ్గర ఉన్నప్పుడు దయచేసి మమ్మల్ని సంప్రదించండి."
4973746,2025-07-20T11:40:55.053,TELANGANA,WARANGAL,HANAMKONDA,AGRICULTURE,Fiber Crops,Cotton (Kapas),NA,Nutrient Management,FARMER ASKED QUERY ON NUTRIENT MANAGEMENT IN COTTON,"RECOMMENDED TO SPRAY WITH MAGNESIUM SULPHATE 5-10 GRMS PER LITRE WATER (2KG/ACRE)
మెగ్నీషియం సల్ఫేట్ 10 గ్రాములు / లీటరు నీటికి కలిపి వాడాలి(2 కేజీలు ఎకరానికి)"
4973745,2025-07-20T11:39:39.28,TELANGANA,WARANGAL,HANAMKONDA,AGRICULTURE,Cereals,Paddy (Dhan),NA,Plant Protection,FARMER ASKED QUERY ON STEM BORER MANAGEMENT IN PADDY NURSERY,"నారు పీకే 7 రోజుల ముందు గుంట నారుముడికి (2.5 సెంట్లకు) 400 గ్రా, కార్బోప్యూరాన్ 3జి గుళికలు ఇసుకలో కలిపి చల్లి పలుచగా నీరుంచాలి. అవసరాన్ని బట్టి మడిలో ఇతర సస్యరక్షణ చర్యలు చేపట్టాలి."
4973747,2025-07-20T11:38:16.97,TELANGANA,WARANGAL,HANAMKONDA,AGRICULTURE,Cereals,Paddy (Dhan),NA,Fertilizer Use and Availability,FARMER ASKEDE QUERY ON FERTILIZER MNAGEMENT IN PADDY NURSERY,"రెండు గుంటల (5 సెంట్లు) నారుముడికి 2 కిలోల నట్రజని (1 కిలో విత్తనం చల్లేముందు, మరో కిలో విత్తిన 12-14 రోజులకు), 1 కిలో భాస్వరం మరియు 1 కిలో పొటాష్ నిచ్చే ఎరువులను దుక్కిలో వేయాలి. పశువుల పేడను లేదా ఇతర సేంద్రియ ఎరువులను దుక్కిలో వేయడం చాలా మంచిది."
4973748,,,WARANGAL,HANAMKONDA,AGRICULTURE,Millets,Maize (Makka),,Water Management,Farmer asked query on Weather,"CLOUDY WEATHER, THERE IS A CHANCE OF SHOWERS IN YOUR AREA  
 మీ ప్రాంతములో వాతావరణం మబ్బులుగా ఉంటుంది.వర్షం  పడే అవకాశం ఉంది"
4973568,,TELANGANA,WARANGAL RURAL,DAMERA,AGRICULTURE,Fiber Crops,Cotton (Kapas),,Fertilizer Use and Availability,FARMER ASKED QUERY ON FERTILIZER MANAGEMENT IN COTTON.,"COTTON :
ఆఖరి దుక్కిలో : సింగిల్ సూపర్ ఫాస్ఫేట్ : 150 కే/ఏ
20 రోజులకు : యూరియా - 25 కే/ఏ , మ్యూరేట్ ఆఫ్ పొటాష్ - 20 కే/ఏ
40 రోజులకు : యూరియా - 25 కే/ఏ , మ్యూరేట్ ఆఫ్ పొటాష్ - 20 కే/ఏ
60 రోజులకు : యూరియా - 25 కే/ఏ , మ్యూరేట్ ఆఫ్ పొటాష్ - 20 కే/ఏ
80 రోజులకు : యూరియా - 25 కే/ఏ , మ్యూరేట్ ఆఫ్ పొటాష్ - 20 కే/ఏ

OR 

NOT RECOMMENDED BUT ON YOUR REQUEST APPLY 1 BAG OF 15-15-15 AND 1 BAG OF 20-20-20 PER ACREA 
 
సిఫార్సు చేయబడలేదు కానీ మీ అభ్యర్థన మేరకు ఎకరానికి 15-15-15లో 1 బస్తా మరియు 20-20-20లో 1 బస్తాను వర్తించండి."
4973659,2025-07-20T09:54:11.533,TELANGANA,WARANGAL RURAL,,AGRICULTURE,Pulses,Green Gram (Moong Bean/ Moong),NA,Weed Management,WEED MANAGEMENT IN GREEN GRAM POST EMERGENCE,"--క్విజలోఫాప్-పి -ఇథైల్ (టర్గా సూపర్) 400  మిల్లి లీటర్లు / 200 లీటర్ల నీటికి చొప్పున కలిపి ఒక ఎకరాకు పిచికారి చేయాలి
                                                           లేదా
ప్రోపక్విజఫాప్ (అజిల్) 250 మిల్లి లీటర్లు / 200 లీటర్ల నీటికి చొప్పున కలిపి ఒక ఎకరాకు పిచికారి చేయాలి	 

రెండింటిలో ఎదైనా ఒక్కటి స్ప్రే చేసుకోవలెను"
4973739,2025-07-20T09:02:54.85,TELANGANA,WARANGAL RURAL,PARVATHAGIRI,AGRICULTURE,Others,Others,,Government Schemes,PM KISAN SAMMAN NIDHI SCHEME STATUS,"పిఎం కిసాన్ 20వ వాయిదా తేదీ అధికారికంగా ప్రకటించబడలేదు, జూలైలో విడుదలయ్యే అవకాశం ఉంది."
4949805,2025-07-19T19:38:09.96,TELANGANA,WARANGAL RURAL,,AGRICULTURE,,Paddy (Dhan),NA,Weather,Farmer asked query on Weather,మీ ప్రాంతములో వాతావరణం మబ్బులుగా ఉంటుంది .జల్లులు పడే అవకాశం ఉంది
4949787,2025-07-19T19:13:33.323,,WARANGAL RURAL,PARKAL,AGRICULTURE,Others,Others,,Government Schemes,FARMER ASKED QUERY ABOUT FARMER ID REGISTRATION,"రైతు గుర్తింపు నమోదు కోసం ఆధార్, పట్టాదార్ పాస్‌బుక్ మరియు రిజిస్టర్డ్ మొబైల్ నంబర్‌తో వ్యవసాయ విస్తరణ అధికారిని సంప్రదించాలని సిఫార్సు చేయబడింది."
4960717,2025-07-19T19:04:17.577,TELANGANA,WARANGAL,BHEEMDEVARAPALLI,AGRICULTURE,Millets,Maize (Makka),NA,Water Management,Farmer asked query on Weather,మీ ప్రాంతములో వాతావరణం మబ్బులుగా ఉండి జల్లులు నుండి మోస్తరు వర్షం పడే అవకాశం వుంది.
4960704,2025-07-19T17:37:18.33,TELANGANA,WARANGAL RURAL,PARVATHAGIRI,AGRICULTURE,Fiber Crops,Cotton (Kapas),NA,Government Schemes,FARMER ASKED QUERY ON RELEASE OF 20th INSTALMENT OF  PM KISAN SAMMAN NIDHI?,PM KISAN 20th INSTALLMENT 2025 NOT YET DECLARED   BY THE GOVERNMENT OF INDIA
4960518,2025-07-19T17:36:58.783,TELANGANA,WARANGAL RURAL,PARKAL,AGRICULTURE,Cereals,Paddy (Dhan),NA,Water Management,Farmer asked query on Weather,మీ ప్రాంతములో వాతావరణం మబ్బులుగా ఉంటుంది.జల్లులు  పడే అవకాశం ఉంది.
4960850,2025-07-19T17:04:19.923,TELANGANA,WARANGAL,HANAMKONDA,ANIMAL HUSBANDRY,,Others,,Disease Reporting,veterinary ambulance number telangana ;-,veterinary ambulance number telangana ;- 1962
4960702,2025-07-19T16:44:17.44,TELANGANA,WARANGAL,HANAMKONDA,AGRICULTURE,Fiber Crops,Cotton (Kapas),NA,Weed Management,Farmer asked query on Weather,మీ ప్రాంతములో వాతావరణం మబ్బులుగా ఉంటుంది.జల్లులు  పడే అవకాశం ఉంది.
4960847,2025-07-19T16:39:42.14,TELANGANA,WARANGAL RURAL,PARVATHAGIRI,AGRICULTURE,Others,Others,NA,Government Schemes,FARMER ASKED QUERY ABOUT VOLUNTEER REVOCATION OF PM KISAN,"PLEASE CONTACT YOUR MANDAL AGRICULTURAL OFFICER
 దయచేసి  మీ  మండల వ్యవసాయ అధికారిని సంప్రదించండి"
4951873,2025-07-19T15:55:22.52,TELANGANA,WARANGAL RURAL,ATHMAKUR,AGRICULTURE,Fiber Crops,,NA,Plant Protection,sucking pest control in cotton,"ఫిప్రోనిల్+ఇమిడాక్లోప్రిడ్ (పోలీస్,లేసెంటా) 100గ్రాములు    /200 లీటర్ల నీటికి కలిపి ఒక ఎకరాకు పిచికారి చేయాలి"
4960644,2025-07-19T15:19:58.653,TELANGANA,WARANGAL RURAL,ATHMAKUR,,Fiber Crops,Cotton (Kapas),NA,Weather,Farmer asked query on Weather,మీ ప్రాంతములో వాతావరణం మబ్బులుగా ఉంటుంది.వర్షం  పడే అవకాశం ఉంది.
4960511,2025-07-19T15:08:00.12,TELANGANA,WARANGAL,BHEEMDEVARAPALLI,AGRICULTURE,Cereals,,NA,Nutrient Management,FARMER ASKED QUERY ABOUT NUTRIENT MANAGEMENT IN PADDY,"RECOMMENDED TO SPRAY ZINC SULPHATE 2 GRAM /1 LITER OF WATER. 
జింక్ సల్ఫేట్  2 గ్రాములు  / లీటర్ నీటిలో కలిపి పిచికారీ చేయాలి"
4960553,2025-07-19T15:04:02.47,TELANGANA,WARANGAL,WARANGAL,AGRICULTURE,Cereals,Paddy (Dhan),NA,Plant Protection,paddy nursery stem borer nmanagement ;-,"రెండు గుంటల నారుమడికి ( 5 సెంట్లకు)  800 గ్రా, కార్బోప్యూరాన్ 3జి గుళికలు ఇసుకలో కలిపి చల్లి పలుచగా నీరుంచాలి"
4960554,2025-07-19T14:24:03.943,TELANGANA,WARANGAL,HASANPARTHY,AGRICULTURE,Cereals,Paddy (Dhan),NA,Water Management,IRRIGATION SCDULE AFTER HERBICIDE APPLICATION,48 HOUR'S IS RIGHT YOU CAN IRRIGATE THE FIELD
4960607,2025-07-19T13:54:20.1,TELANGANA,WARANGAL RURAL,GEESUGONDA,AGRICULTURE,Fiber Crops,Cotton (Kapas),,Weather,Farmer asked query on Weather,"మీ ప్రాంతములో వాతావరణం మబ్బులుగా  ఉంటుంది, జల్లులు  పడే అవకాశం ఉంది."
4960830,2025-07-19T13:37:47.2,TELANGANA,WARANGAL,HANAMKONDA,AGRICULTURE,Others,Others,NA,Government Schemes,FARMER ASKED QUERY ON FARMER ID REGISTRATION WHERE TO DO,దయచేసి  మీ  మండల వ్యవసాయ అధికారిని సంప్రదించండి
4949801,2025-07-19T13:01:47.053,TELANGANA,WARANGAL,HASANPARTHY,HORTICULTURE,Vegetables,Chillies,NA,Plant Protection,FARMER ASKED QUERY ON DAMPING OFF MANAGEMENT IN CHILLI,"RECOMENDED TO SPRAY COPPER OXY CHLORIDE 600 GR +
STREPTOCYCLINE  20 GR  PER ACRE WITH  200 LIT WATER
కాపర్ ఆక్సీక్లోరైడ్ 600 గ్రాములు + స్టెఫ్టోసైక్లిన్ 20 గ్రాములు / 200 లీటర్ల నీటికి చొప్పున కలిపి ఎకరాకు పిచికారి చేయాలి 
 
OR 

RECOMENDED TO SPRAY COPPER OXY CHLORIDE 600 GR +
STREPTOCYCLINE  20 GR  PER ACRE WITH  200 LIT WATER
కాపర్ ఆక్సీక్లోరైడ్ 600 గ్రాములు + స్టెఫ్టోసైక్లిన్ 20 గ్రాములు / 200 లీటర్ల నీటికి చొప్పున కలిపి ఎకరాకు పిచికారి చేయాలి"
4960831,2025-07-19T12:38:11.403,TELANGANA,WARANGAL RURAL,NARASARAOPETA,AGRICULTURE,Others,Others,NA,Government Schemes,--FARMER ASKED QUERY ON FARMER ID REGISTRATION WHERE TO DO,దయచేసి  మీ  మండల వ్యవసాయ అధికారిని సంప్రదించండి
4960829,2025-07-19T12:35:43.89,TELANGANA,WARANGAL,HANAMKONDA,AGRICULTURE,Others,Others,NA,Government Schemes,farmer id creation details,mandal agriculture officer -parkal mandal-hanmakonda district--8977744980
4960828,2025-07-19T12:24:47.34,TELANGANA,WARANGAL,HANAMKONDA,AGRICULTURE,Others,Others,NA,Government Schemes,pm kisan samman nidhi information,
4949784,2025-07-19T11:47:51.73,,WARANGAL RURAL,NALLA BELLI,AGRICULTURE,Cereals,Paddy (Dhan),,Plant Protection,root rot management in paddy nursery,"RECOMMENDED TO DRENCH ROOT ZONE WITH COPPER OXY CHLORIDE  (BLITOX)(BLUE COPPER) 3  GMs /1 LITRE OF WATER   
కాపర్ ఆక్సి క్లోరైడ్ (బ్లిటాక్స్) (బ్లూ కాపర్) 3 GMs / 1 లీటరు నీటితో తడిసిన రూట్ జోన్‌కు సిఫార్సు చేయబడింది
ప్లాంటోమైసిన్ 0.2 గ్రాములు/లీటరు నీరు
4 గ్రాములు/20 లీటర్ల పంపు"
4960699,2025-07-19T11:47:27.21,TELANGANA,,ATHMAKUR,AGRICULTURE,Fiber Crops,Cotton (Kapas),NA,,FARMER ASKED QUERY ON THRIPS MANAGEMENT IN COTTON?,"RECOMMENDED TO SPRAY  FIPRONIL (REGENT) 400 ML / 200 LITRES OF WATER /ACRE  
 ఫిప్రోనిల్ 400  మిల్లి లీటర్లు /200 లీటర్ల నీటికి చొప్పున కలిపి ఒక ఎకరాకు పిచికారి చేయాలి"
4960700,2025-07-19T11:46:27.41,TELANGANA,WARANGAL RURAL,ATHMAKUR,AGRICULTURE,Fiber Crops,Cotton (Kapas),,Plant Protection,Thiamethoxam 25% WG Dosage in Cotton?,
4949783,2025-07-19T11:39:14.58,TELANGANA,WARANGAL RURAL,NALLA BELLI,AGRICULTURE,Cereals,Paddy (Dhan),NA,Nutrient Management,nutrient management in paddy nursery,"RECOMMENDED TO SPRAY POTASSIUM NITRATE 13-0-45 @ 5 GRAMS/1 LITER OF WATER  (1KG/ACRE/200 LITS OF WATER)
పొటాషియం  నైట్రేట్  13-0-45 @ 5 గ్రాములు లీటరు నీటికి కలిపి  పిచికారీ చేయండి"
4949782,,TELANGANA,WARANGAL RURAL,NALLA BELLI,AGRICULTURE,Fiber Crops,Cotton (Kapas),NA,Weather,Farmer asked query on Weather,"మీ ప్రాంతములో వాతావరణం మబ్బులుగా  ఉంటుంది, జల్లులు  పడే అవకాశం ఉంది."
4960698,2025-07-19T11:15:53.017,TELANGANA,WARANGAL RURAL,ATHMAKUR,AGRICULTURE,Fiber Crops,Cotton (Kapas),NA,Weather,Farmer asked query on Weather,"మీ ప్రాంతములో వాతావరణం మబ్బులుగా  ఉంటుంది, జల్లులు  పడే అవకాశం ఉంది."
4960513,2025-07-19T10:59:23.74,TELANGANA,WARANGAL RURAL,DUGGONDI,AGRICULTURE,Millets,Little Millet (Samai/Kutki/kodo-kutki),NA,,FARMER ASKED QUERY ON CONTACT NUMBER OF MILLETS RESEARCH CENTER,"PLEASE CONTACT IIMR 
Tel: 040-24599326,
Number:1800 103 3069 Mobile Number:8224073000 Whatsapp:8224073000"
4960514,2025-07-19T10:05:35.513,TELANGANA,WARANGAL RURAL,,AGRICULTURE,Cereals,Paddy (Dhan),,Weed Management,WEED MANAGEMENT IN PADDY,సైహలోఫోప్ పి - బ్యూటైల్ (క్లించర్) 300  మిల్లి లీటర్లు / 200 లీటర్ల నీటికి చొప్పున కలిపి ఒక ఎకరాకు పిచికారి చేయాలి
4949803,2025-07-19T09:04:51.343,TELANGANA,WARANGAL RURAL,SANGAM,AGRICULTURE,Cereals,Paddy (Dhan),NA,Weed Management,QUERY ON CYHALOFOP P-BUTYL (CLINCHER) DOSAGE IN PADDY,"RECOMMENDED TO SPRAY CYHALOFOP P-BUTYL (CLINCHER) @ 300ML PER 200 LITERS OF WATER PER ACRE
ఎకరానికి సైహలోఫోస్  పిచుటైల్ (క్లించెర్) @ 300 మిల్లి లీటర్లు   200 లీటర్ల  నీటికి కలిపి పిచికారీ చేయాలి"
4949804,2025-07-19T09:04:04.823,TELANGANA,WARANGAL RURAL,SANGAM,AGRICULTURE,Cereals,Paddy (Dhan),,Weed Management,QUERY ON WEED MANAGEMENT IN PADDY NURSERY,"MANUAL WEEDING IS RECOMMENDED

కూలీల సహాయంతో కలుపు తీయండి."
4949817,2025-07-19T09:01:37.82,,WARANGAL RURAL,SANGAM,AGRICULTURE,Cereals,Paddy (Dhan),NA,Cultural Practices,Farmer asked query on Weather,మీ ప్రాంతములో వాతావరణం మబ్బులుగా ఉంటుంది.జల్లులు నుంచి  మోస్తరు వర్షాలు కురిసే అవకాశం ఉంది
4960597,2025-07-19T08:25:47.63,TELANGANA,WARANGAL RURAL,SANGAM,AGRICULTURE,Pulses,Green Gram (Moong Bean/ Moong),NA,Weed Management,WEED MANAGEMENT IN GREENGRAM SOWN AFTER 15-20 DAYS CROP,ఇమాజితాపైర్ ( పర్ సూట్  ) 300-400 మిల్లి లీటర్లు     /200 లీటర్ల నీటికి చొప్పున కలిపి ఒక ఎకరాకు పిచికారి చేయాలి
4960508,2025-07-19T08:21:49,TELANGANA,WARANGAL RURAL,NALLA BELLI,AGRICULTURE,Millets,Maize (Makka),,Water Management,Farmer asked query on Weather,మీ ప్రాంతములో వాతావరణం మబ్బులుగా ఉంటుంది.జల్లులు నుంచి  మోస్తరు వర్షాలు కురిసే అవకాశం ఉంది
4949851,2025-07-19T07:54:35.367,TELANGANA,WARANGAL,INAVOLU,AGRICULTURE,Pulses,Pigeon pea (red gram/arhar/tur),,Weed Management,WEED MANAGEMENT IN REDGRAM,RECOMMENDED  MANUAL WEEDING IN REDGARM
4960804,2025-07-19T07:10:53.043,TELANGANA,WARANGAL RURAL,NEKKONDA,AGRICULTURE,Others,Others,,Government Schemes,FARMER ASKED QUERY ON PM KISAN SAMMAN NIDHI EKYC ISSUE?,RECOMMENDED TO CONTACT MEE SEVA CENTRE OR CSC.
4946239,2025-07-18T15:14:42.72,TELANGANA,WARANGAL,KHILAWARANGAL,HORTICULTURE,Condiments and Spices,,,Plant Protection,LEAF MINER CONTROL  IN TURMERIC,"RECOMMENDED TO SPRAY NOVALURAN (REMON) 300 ML /200 LITRES OF WATER / ACRE  
నొవాల్యురాన్ (రెమోన్)  300 మిల్లి లీటర్లు  / 200 లీటర్ల నీటికి చొప్పున కలిపి ఎకరాకు పిచికారి చేయాలి"
4946406,,TELANGANA,WARANGAL,BHEEMDEVARAPALLI,,Cereals,Paddy (Dhan),,Weed Management,FARMER ASKED QUERY ABOUT WEED MANAGEMENT IN PADDY,"వెడల్పాకు కలుపు నివీరణకు 25-30 రోజులకు 2,4-డి సోడియం సాల్ట్ అనె మందు ఎకరాకు 500-600 గ్రా. లేదా 2,4-డి, ఇ. ఇ. 1.25-1.50 లీటర్లను 200 లీటర్ల నీటిలో కలిపి పిచికారి చేయాలి"
4946318,2025-07-18T11:45:14.497,TELANGANA,WARANGAL,KHILAWARANGAL,AGRICULTURE,Cereals,Paddy (Dhan),NA,Water Management,Farmer asked query on Weather,"మీ ప్రాంతములో వాతావరణం ఏండ, మబ్బులుగా ఉంటుంది.వర్షం పడే అవకాశం ఉంది."
4946518,2025-07-18T11:41:40.123,TELANGANA,WARANGAL,VELAIR,AGRICULTURE,Others,Others,,Government Schemes,QUERY ON PMKISAN SAMMAN NIDHI YOJANA,Hanmakonda - T.Kamalakar - AO(Technical) - 9866601168
4946466,2025-07-18T10:44:36.163,TELANGANA,WARANGAL,INAVOLU,,Pulses,Pigeon pea (red gram/arhar/tur),NA,Weed Management,WEED MANAGEMENT IN REDGRAM SOWN AFTER 15-20 DAYS CROP,ఇమాజితాపైర్ ( పర్ సూట్  ) 250-300- మిల్లి లీటర్లు     /200 లీటర్ల నీటికి చొప్పున కలిపి ఒక ఎకరాకు పిచికారి చేయాలి
4946467,2025-07-18T10:43:20.32,TELANGANA,WARANGAL,INAVOLU,AGRICULTURE,Fiber Crops,Cotton (Kapas),,Weed Management,WEED MANAGEMENT IN COTTON  SOWN AFTER 40 DAYS CROP,RECOMMENDED TO DO HAND WEEDING ONLY
4946468,2025-07-18T10:01:20.173,TELANGANA,WARANGAL,INAVOLU,AGRICULTURE,Pulses,Pigeon pea (red gram/arhar/tur),,Weed Management,FARMER ASKED QUERY ON WEED MANAGEMENT IN REDGRAM,"RECOMMENDED TO SPRAY IMAZITAPYR (PURSUIT) 300 ML/200 LITRES OF WATER PER ACRE 
ఇమాజితాపైర్ ( పర్ సూట్  ) 300మిల్లి లీటర్లు     /200 లీటర్ల నీటికి చొప్పున కలిపి ఒక ఎకరాకు పిచికారి చేయాలి	."
